{
	"credit": "Made with Blockbench",
	"parent": "block/block",
	"texture_size": [32, 32],
	"textures": {
		"particle": "ae2:block/wireless_access_point",
		"base": "ae2:block/wireless_access_point"
	},
	"elements": [
		{
			"from": [7, 7, 7],
			"to": [9, 12, 9],
			"rotation": {"angle": 0, "axis": "x", "origin": [16, 16, 0]},
			"faces": {
				"north": {"uv": [13, 1, 10.5, 2], "rotation": 270, "texture": "#base"},
				"east": {"uv": [10.5, 0, 13, 1], "rotation": 270, "texture": "#base"},
				"south": {"uv": [13, 0, 10.5, 1], "rotation": 90, "texture": "#base"},
				"west": {"uv": [10.5, 1, 13, 2], "rotation": 90, "texture": "#base"},
				"up": {"uv": [10.5, 2, 11.5, 3], "rotation": 180, "texture": "#base"},
				"down": {"uv": [1, 0, 2, 1], "texture": "#base"}
			}
		},
		{
			"from": [4, 1, 4],
			"to": [12, 2, 12],
			"rotation": {"angle": 0, "axis": "x", "origin": [0, 16, 0]},
			"faces": {
				"north": {"uv": [0, 13, 4, 12.5], "rotation": 180, "texture": "#base"},
				"east": {"uv": [4, 9, 3.5, 13], "rotation": 270, "texture": "#base"},
				"south": {"uv": [0, 9.5, 4, 9], "texture": "#base"},
				"west": {"uv": [0.5, 9, 0, 13], "rotation": 90, "texture": "#base"},
				"up": {"uv": [4, 9, 0, 13], "rotation": 180, "texture": "#base"},
				"down": {"uv": [0, 9, 4, 13], "texture": "#base"}
			}
		},
		{
			"from": [6, 3, 4],
			"to": [10, 6, 5],
			"rotation": {"angle": 22.5, "axis": "x", "origin": [8, 3, 4]},
			"faces": {
				"north": {"uv": [8.5, 0, 7, 2], "rotation": 270, "texture": "#base"},
				"east": {"uv": [8.5, 0.5, 7, 0], "rotation": 270, "texture": "#base"},
				"west": {"uv": [7, 2, 8.5, 1.5], "rotation": 90, "texture": "#base"}
			}
		},
		{
			"from": [6, 3, 11],
			"to": [10, 6, 12],
			"rotation": {"angle": -22.5, "axis": "x", "origin": [8, 3, 12]},
			"faces": {
				"east": {"uv": [8.5, 1.5, 7, 2], "rotation": 270, "texture": "#base"},
				"south": {"uv": [7, 2, 8.5, 0], "rotation": 90, "texture": "#base"},
				"west": {"uv": [7, 0, 8.5, 0.5], "rotation": 90, "texture": "#base"}
			}
		},
		{
			"from": [6, 8, 6],
			"to": [10, 9, 10],
			"rotation": {"angle": 0, "axis": "x", "origin": [16, 16, 0]},
			"faces": {
				"north": {"uv": [10.5, 3.5, 8.5, 4], "rotation": 180, "texture": "#base"},
				"east": {"uv": [8.5, 2, 9, 4], "rotation": 270, "texture": "#base"},
				"south": {"uv": [10.5, 2, 8.5, 2.5], "texture": "#base"},
				"west": {"uv": [10, 2, 10.5, 4], "rotation": 90, "texture": "#base"},
				"up": {"uv": [8.5, 2, 10.5, 4], "rotation": 180, "texture": "#base"},
				"down": {"uv": [10.5, 2, 8.5, 4], "texture": "#base"}
			}
		},
		{
			"from": [6, 6, 6],
			"to": [10, 7, 10],
			"rotation": {"angle": 0, "axis": "x", "origin": [16, 16, 0]},
			"faces": {
				"north": {"uv": [10.5, 1.5, 8.5, 2], "rotation": 180, "texture": "#base"},
				"east": {"uv": [8.5, 0, 9, 2], "rotation": 270, "texture": "#base"},
				"south": {"uv": [10.5, 0, 8.5, 0.5], "texture": "#base"},
				"west": {"uv": [10, 0, 10.5, 2], "rotation": 90, "texture": "#base"},
				"up": {"uv": [8.5, 0, 10.5, 2], "rotation": 180, "texture": "#base"}
			}
		},
		{
			"from": [11, 3, 6],
			"to": [12, 6, 10],
			"rotation": {"angle": 22.5, "axis": "z", "origin": [12, 3, 8]},
			"faces": {
				"north": {"uv": [8.5, 0.5, 7, 0], "rotation": 270, "texture": "#base"},
				"east": {"uv": [8.5, 2, 7, 0], "rotation": 270, "texture": "#base"},
				"south": {"uv": [7, 2, 8.5, 1.5], "rotation": 90, "texture": "#base"}
			}
		},
		{
			"from": [4, 3, 6],
			"to": [5, 6, 10],
			"rotation": {"angle": -22.5, "axis": "z", "origin": [4, 3, 8]},
			"faces": {
				"north": {"uv": [8.5, 1.5, 7, 2], "rotation": 270, "texture": "#base"},
				"south": {"uv": [7, 0, 8.5, 0.5], "rotation": 90, "texture": "#base"},
				"west": {"uv": [7, 0, 8.5, 2], "rotation": 90, "texture": "#base"}
			}
		},
		{
			"from": [4, 1, 4],
			"to": [12, 3, 12],
			"rotation": {"angle": 0, "axis": "x", "origin": [0, 16, 0]},
			"faces": {
				"north": {"uv": [3, 5, 7, 4], "rotation": 180, "texture": "#base"},
				"east": {"uv": [3, 4, 7, 5], "texture": "#base"},
				"south": {"uv": [3, 4, 7, 5], "texture": "#base"},
				"west": {"uv": [3, 5, 7, 4], "rotation": 180, "texture": "#base"},
				"up": {"uv": [3, 5, 7, 9], "rotation": 180, "texture": "#base"},
				"down": {"uv": [3, 0, 7, 4], "texture": "#base"}
			}
		},
		{
			"from": [5, 0, 5],
			"to": [11, 6, 11],
			"rotation": {"angle": 0, "axis": "x", "origin": [0, 16, 0]},
			"faces": {
				"north": {"uv": [0, 3, 3, 6], "texture": "#base"},
				"east": {"uv": [3, 3, 0, 6], "texture": "#base"},
				"south": {"uv": [0, 3, 3, 6], "texture": "#base"},
				"west": {"uv": [3, 3, 0, 6], "texture": "#base"},
				"up": {"uv": [0, 6, 3, 9], "rotation": 180, "texture": "#base"},
				"down": {"uv": [0, 0, 3, 3], "texture": "#base", "cullface": "south"}
			}
		}
	],
	"display": {
		"thirdperson_righthand": {
			"rotation": [75, 45, 0],
			"translation": [0, 2.5, 2],
			"scale": [0.375, 0.375, 0.375]
		},
		"thirdperson_lefthand": {
			"rotation": [75, 45, 0],
			"translation": [0, 2.5, 2],
			"scale": [0.375, 0.375, 0.375]
		},
		"firstperson_righthand": {
			"rotation": [0, 45, 0],
			"translation": [0, 2, 0],
			"scale": [0.4, 0.4, 0.4]
		},
		"firstperson_lefthand": {
			"rotation": [0, 225, 0],
			"translation": [0, 2, 0],
			"scale": [0.4, 0.4, 0.4]
		},
		"ground": {
			"translation": [0, 3, 0],
			"scale": [0.25, 0.25, 0.25]
		},
		"gui": {
			"rotation": [30, 225, 0],
			"translation": [0, 1.25, 0]
		},
		"fixed": {
			"scale": [0.5, 0.5, 0.5]
		}
	}
}