{
	"credit": "Made with Blockbench",
	"texture_size": [32, 32],
	"textures": {
		"0": "ae2:block/wireless_access_point",
		"particle": "ae2:block/wireless_access_point"
	},
	"elements": [
		{
			"from": [4, 4, 14],
			"to": [12, 12, 15],
			"faces": {
				"north": {"uv": [4, 9, 0, 13], "texture": "#0"},
				"east": {"uv": [4, 9, 3.5, 13], "texture": "#0"},
				"south": {"uv": [0, 9, 4, 13], "texture": "#0"},
				"west": {"uv": [0.5, 9, 0, 13], "texture": "#0"},
				"up": {"uv": [0, 9.5, 4, 9], "texture": "#0"},
				"down": {"uv": [0, 13, 4, 12.5], "texture": "#0"}
			}
		}
	]
}