{
	"credit": "Made with Blockbench",
	"texture_size": [32, 32],
	"textures": {
		"0": "ae2:block/wireless_access_point",
		"particle": "ae2:block/wireless_access_point"
	},
	"elements": [
		{
			"from": [4, 4, 14],
			"to": [12, 12, 15],
			"faces": {
				"north": {"uv": [12, 9, 8, 13], "texture": "#0"},
				"east": {"uv": [12, 9, 11.5, 13], "texture": "#0"},
				"south": {"uv": [8, 9, 12, 13], "texture": "#0"},
				"west": {"uv": [8.5, 9, 8, 13], "texture": "#0"},
				"up": {"uv": [8, 9.5, 12, 9], "texture": "#0"},
				"down": {"uv": [8, 13, 12, 12.5], "texture": "#0"}
			}
		}
	]
}