{
	"credit": "Made with Blockbench by Almost Reliable",
	"parent": "block/orientable",
	"textures": {
		"2": "merequester:block/inscriber",
		"3": "merequester:block/requester",
		"particle": "merequester:block/requester"
	},
	"elements": [
		{
			"name": "machine_frame",
			"from": [0, 0, 0],
			"to": [16, 16, 16],
			"faces": {
				"east": {"uv": [0, 0, 4, 4], "texture": "#2"},
				"south": {"uv": [0, 0, 4, 4], "texture": "#2"},
				"west": {"uv": [0, 0, 4, 4], "texture": "#2"},
				"up": {"uv": [0, 0, 4, 4], "texture": "#2"},
				"down": {"uv": [8, 0, 12, 4], "texture": "#2"}
			}
		},
		{
			"from": [0, 0, 0],
			"to": [16, 4, 1],
			"faces": {
				"north": {"uv": [0, 12, 16, 16], "texture": "#3"},
				"up": {"uv": [0, 12, 16, 13], "texture": "#3"}
			}
		},
		{
			"from": [3, 3, 1],
			"to": [13, 13, 2],
			"faces": {
				"north": {"uv": [3, 3, 13, 13], "texture": "#3"}
			}
		},
		{
			"from": [0, 4, 0],
			"to": [4, 16, 1],
			"faces": {
				"north": {"uv": [12, 0, 16, 12], "texture": "#3"},
				"east": {"uv": [12, 0, 13, 12], "texture": "#3"}
			}
		},
		{
			"from": [12, 4, 0],
			"to": [16, 16, 1],
			"faces": {
				"north": {"uv": [0, 0, 4, 12], "texture": "#3"},
				"west": {"uv": [3, 0, 4, 12], "texture": "#3"}
			}
		},
		{
			"from": [4, 12, 0],
			"to": [12, 16, 1],
			"faces": {
				"north": {"uv": [4, 0, 12, 4], "texture": "#3"},
				"down": {"uv": [4, 3, 12, 4], "texture": "#3"}
			}
		}
	],
	"display": {
		"thirdperson_righthand": {
			"rotation": [-10, 117, -2],
			"translation": [0, 1, 0],
			"scale": [0.4, 0.4, 0.4]
		},
		"thirdperson_lefthand": {
			"rotation": [-10, 117, -2],
			"translation": [0, 1, 0],
			"scale": [0.4, 0.4, 0.4]
		},
		"firstperson_righthand": {
			"rotation": [-10, 117, -2],
			"translation": [0, 1, 0],
			"scale": [0.4, 0.4, 0.4]
		},
		"firstperson_lefthand": {
			"rotation": [-10, 117, -2],
			"translation": [0, 1, 0],
			"scale": [0.4, 0.4, 0.4]
		}
	}
}