{
  "textures": {
    "sides": "ae2:part/monitor_sides",
    "back": "ae2:part/monitor_back",
    "front": "appflux:part/flux_accessor",
    "particle": "ae2:part/monitor_back"
  },
  "elements": [
    {
      "from": [2, 2, 0],
      "to": [14, 14, 2],
      "faces": {
        "down": {
          "texture": "#sides"
        },
        "up": {
          "texture": "#sides"
        },
        "south": {
          "texture": "#back"
        },
        "east": {
          "texture": "#sides"
        },
        "north": {
          "texture": "#front"
        },
        "west": {
          "texture": "#sides"
        }
      }
    },
    {
      "from": [4, 4, 2],
      "to": [12, 12, 4],
      "faces": {
        "down": {
          "texture": "#sides"
        },
        "up": {
          "texture": "#sides"
        },
        "south": {
          "texture": "#back"
        },
        "east": {
          "texture": "#sides"
        },
        "west": {
          "texture": "#sides"
        }
      }
    }
  ]
}
