{
	"credit": "Made with Blockbench",
	"texture_size": [32, 32],
	"textures": {
		"1": "expatternprovider:item/packing_tool",
		"particle": "ae2:item/tool_base",
		"base": "ae2:item/tool_base"
	},
	"elements": [
		{
			"from": [5.5, 4.5, 11],
			"to": [10.5, 9.5, 14],
			"rotation": {"angle": 0, "axis": "y", "origin": [0, 0, 8]},
			"faces": {
				"north": {"uv": [9.5, 7.5, 12, 10], "texture": "#base"},
				"east": {"uv": [9.5, 5, 11, 7.5], "texture": "#base"},
				"south": {"uv": [12, 7.5, 14.5, 10], "texture": "#base"},
				"west": {"uv": [11, 5, 9.5, 7.5], "texture": "#base"},
				"up": {"uv": [11, 5, 12.5, 7.5], "rotation": 90, "texture": "#base"},
				"down": {"uv": [12.5, 5, 14, 7.5], "rotation": 90, "texture": "#base"}
			}
		},
		{
			"from": [7, 0, 10],
			"to": [9, 5, 12],
			"rotation": {"angle": -22.5, "axis": "x", "origin": [8, 5, 10]},
			"faces": {
				"north": {"uv": [3, 6, 4, 8.5], "texture": "#base"},
				"east": {"uv": [1, 6, 2, 8.5], "texture": "#base"},
				"south": {"uv": [2, 6, 3, 8.5], "texture": "#base"},
				"west": {"uv": [0, 6, 1, 8.5], "texture": "#base"},
				"down": {"uv": [4, 7.5, 5, 8.5], "texture": "#base"}
			}
		},
		{
			"from": [6, 5, 8],
			"to": [10, 9, 15],
			"faces": {
				"north": {"uv": [7.5, 4, 9.5, 6], "texture": "#base"},
				"east": {"uv": [0, 0, 3.5, 2], "texture": "#base"},
				"south": {"uv": [7.5, 2, 9.5, 4], "texture": "#base"},
				"west": {"uv": [3.5, 0, 0, 2], "texture": "#base"},
				"up": {"uv": [4, 2, 7.5, 4], "rotation": 90, "texture": "#base"},
				"down": {"uv": [0, 4, 3.5, 6], "rotation": 90, "texture": "#base"}
			}
		},
		{
			"from": [7.5, 3.5, 9.5],
			"to": [8.5, 5.5, 10.5],
			"rotation": {"angle": -22.5, "axis": "x", "origin": [8, 5, 10]},
			"faces": {
				"north": {"uv": [4, 6, 4.5, 7], "texture": "#base"},
				"east": {"uv": [4, 6, 4.5, 7], "texture": "#base"},
				"west": {"uv": [4, 6, 4.5, 7], "texture": "#base"},
				"down": {"uv": [4, 6.5, 4.5, 7], "texture": "#base"}
			}
		},
		{
			"from": [6.5, 6, 9],
			"to": [9.5, 10, 16],
			"rotation": {"angle": 0, "axis": "y", "origin": [0, 0.5, -3]},
			"faces": {
				"north": {"uv": [5, 8.5, 6.5, 10.5], "texture": "#base"},
				"east": {"uv": [0, 12, 3.5, 14], "texture": "#base"},
				"south": {"uv": [3.5, 8.5, 5, 10.5], "texture": "#base", "cullface": "south"},
				"west": {"uv": [0, 8.5, 3.5, 10.5], "texture": "#base"},
				"up": {"uv": [0, 10.5, 3.5, 12], "rotation": 90, "texture": "#base"},
				"down": {"uv": [0, 14, 3.5, 15.5], "rotation": 90, "texture": "#base"}
			}
		},
		{
			"from": [7, 5, 6],
			"to": [9, 8, 8],
			"faces": {
				"north": {"uv": [7, 1.5, 8, 3], "texture": "#1"},
				"east": {"uv": [7, 0, 8, 1.5], "texture": "#1"},
				"south": {"uv": [0, 0, 1, 1.5], "texture": "#missing", "cullface": "south"},
				"west": {"uv": [8, 0, 7, 1.5], "texture": "#1"},
				"up": {"uv": [0, 0, 1, 1], "texture": "#missing", "cullface": "up"},
				"down": {"uv": [7, 3, 8, 4], "texture": "#1"}
			}
		},
		{
			"from": [6, 5, 2.01],
			"to": [10, 9, 2.01],
			"faces": {
				"north": {"uv": [0, 6, 2, 8], "texture": "#1"},
				"east": {"uv": [0, 0, 0, 2], "texture": "#missing"},
				"south": {"uv": [2, 6, 0, 8], "texture": "#1"},
				"west": {"uv": [0, 0, 0, 2], "texture": "#missing"},
				"up": {"uv": [0, 0, 2, 0], "texture": "#missing"},
				"down": {"uv": [0, 0, 2, 0], "texture": "#missing"}
			}
		},
		{
			"from": [6, 4.99, 0],
			"to": [10, 4.99, 2],
			"faces": {
				"north": {"uv": [0, 0, 2, 0], "texture": "#missing"},
				"east": {"uv": [0, 0, 1, 0], "texture": "#missing"},
				"south": {"uv": [0, 0, 2, 0], "texture": "#missing"},
				"west": {"uv": [0, 0, 1, 0], "texture": "#missing"},
				"up": {"uv": [0, 8, 2, 9], "texture": "#1"},
				"down": {"uv": [0, 9, 2, 8], "texture": "#1"}
			}
		},
		{
			"from": [6, 7, 1],
			"to": [10, 8, 2],
			"faces": {
				"north": {"uv": [0, 10, 2, 10.5], "texture": "#1"},
				"east": {"uv": [0, 10, 0.5, 10.5], "texture": "#1"},
				"south": {"uv": [0, 10, 2, 10.5], "texture": "#1"},
				"west": {"uv": [0, 0, 0.5, 0.5], "texture": "#missing", "cullface": "west"},
				"up": {"uv": [2, 10, 0, 10.5], "texture": "#1"},
				"down": {"uv": [2, 10, 0, 10.5], "texture": "#1"}
			}
		},
		{
			"from": [6, 5, 1],
			"to": [10, 6, 2],
			"faces": {
				"north": {"uv": [0, 10.5, 2, 11], "texture": "#1"},
				"east": {"uv": [0, 10.5, 0.5, 11], "texture": "#1"},
				"south": {"uv": [0, 10.5, 2, 11], "texture": "#1"},
				"west": {"uv": [0, 0, 0.5, 0.5], "texture": "#missing", "cullface": "west"},
				"up": {"uv": [2, 10.5, 0, 11], "texture": "#1"},
				"down": {"uv": [2, 10.5, 0, 11], "texture": "#1"}
			}
		},
		{
			"from": [6, 5, 6],
			"to": [7, 8, 7],
			"faces": {
				"north": {"uv": [7, 4, 7.5, 5.5], "texture": "#1"},
				"east": {"uv": [0, 0, 0.5, 1.5], "texture": "#missing", "cullface": "east"},
				"south": {"uv": [7, 4, 7.5, 5.5], "texture": "#1"},
				"west": {"uv": [7, 4, 7.5, 5.5], "texture": "#1"},
				"up": {"uv": [7, 4, 7.5, 4.5], "texture": "#1"},
				"down": {"uv": [7, 5, 7.5, 5.5], "texture": "#1"}
			}
		},
		{
			"from": [5, 7, 1],
			"to": [6, 8, 7],
			"faces": {
				"north": {"uv": [0, 9, 0.5, 9.5], "texture": "#1"},
				"east": {"uv": [3, 9, 0, 9.5], "texture": "#1"},
				"south": {"uv": [2.5, 9, 3, 9.5], "texture": "#1"},
				"west": {"uv": [0, 9, 3, 9.5], "texture": "#1"},
				"up": {"uv": [0, 9, 3, 9.5], "rotation": 90, "texture": "#1"},
				"down": {"uv": [3, 9, 0, 9.5], "rotation": 90, "texture": "#1"}
			}
		},
		{
			"from": [5, 5, 1],
			"to": [6, 6, 7],
			"faces": {
				"north": {"uv": [0, 9.5, 0.5, 10], "texture": "#1"},
				"east": {"uv": [3, 9.5, 0, 10], "texture": "#1"},
				"south": {"uv": [2.5, 9.5, 3, 10], "texture": "#1"},
				"west": {"uv": [0, 9.5, 3, 10], "texture": "#1"},
				"up": {"uv": [0, 9.5, 3, 10], "rotation": 90, "texture": "#1"},
				"down": {"uv": [3, 9.5, 0, 10], "rotation": 90, "texture": "#1"}
			}
		},
		{
			"from": [7, 8, 6],
			"to": [9, 10, 8],
			"rotation": {"angle": -45, "axis": "x", "origin": [8, 8, 8]},
			"faces": {
				"north": {"uv": [4, 8, 5, 9], "texture": "#1"},
				"east": {"uv": [4, 7, 5, 8], "texture": "#1"},
				"south": {"uv": [3, 7, 4, 8], "texture": "#1"},
				"west": {"uv": [3, 8, 4, 9], "texture": "#1"},
				"up": {"uv": [0, 0, 1, 1], "texture": "#missing", "cullface": "up"},
				"down": {"uv": [0, 0, 1, 1], "texture": "#missing", "cullface": "down"}
			}
		},
		{
			"from": [5, 10, 6],
			"to": [11, 11, 8],
			"rotation": {"angle": -45, "axis": "x", "origin": [8, 8, 8]},
			"faces": {
				"north": {"uv": [3, 6.5, 6, 7], "texture": "#1"},
				"east": {"uv": [5.5, 6, 6, 7], "rotation": 270, "texture": "#1"},
				"south": {"uv": [3, 6, 6, 6.5], "texture": "#1"},
				"west": {"uv": [3, 6, 3.5, 7], "rotation": 90, "texture": "#1"},
				"up": {"uv": [3, 7, 6, 6], "texture": "#1"},
				"down": {"uv": [3, 6, 6, 7], "texture": "#1"}
			}
		},
		{
			"from": [10, 11, 6],
			"to": [11, 16, 8],
			"rotation": {"angle": -45, "axis": "x", "origin": [8, 8, 8]},
			"faces": {
				"north": {"uv": [6.5, 6, 7, 8.5], "texture": "#1"},
				"east": {"uv": [6, 6, 7, 8.5], "texture": "#1"},
				"south": {"uv": [6, 6, 6.5, 8.5], "texture": "#1"},
				"west": {"uv": [7, 6, 6, 8.5], "texture": "#1"},
				"up": {"uv": [6, 6, 7, 6.5], "rotation": 90, "texture": "#1"},
				"down": {"uv": [0, 0, 0.5, 1], "texture": "#missing", "cullface": "down"}
			}
		},
		{
			"from": [5, 11, 6],
			"to": [6, 16, 8],
			"rotation": {"angle": -45, "axis": "x", "origin": [8, 8, 8]},
			"faces": {
				"north": {"uv": [2, 6, 2.5, 8.5], "texture": "#1"},
				"east": {"uv": [3, 6, 2, 8.5], "texture": "#1"},
				"south": {"uv": [2.5, 6, 3, 8.5], "texture": "#1"},
				"west": {"uv": [2, 6, 3, 8.5], "texture": "#1"},
				"up": {"uv": [2, 6, 3, 6.5], "rotation": 90, "texture": "#1"},
				"down": {"uv": [0, 0, 0.5, 1], "texture": "#missing", "cullface": "down"}
			}
		},
		{
			"from": [6, 12, 4],
			"to": [10, 18, 10],
			"rotation": {"angle": -45, "axis": "x", "origin": [8, 8, 8]},
			"faces": {
				"north": {"uv": [5, 3, 7, 6], "texture": "#1"},
				"east": {"uv": [0, 3, 3, 6], "texture": "#1"},
				"south": {"uv": [5, 0, 7, 3], "texture": "#1"},
				"west": {"uv": [0, 0, 3, 3], "texture": "#1"},
				"up": {"uv": [3, 0, 5, 3], "texture": "#1"},
				"down": {"uv": [3, 3, 5, 6], "texture": "#1"}
			}
		}
	],
	"overrides": [
		{"model": "ae2:item/color_applicator_colored", "predicate": {"ae2:colored": 1}}
	],
	"display": {
		"thirdperson_righthand": {
			"translation": [0, 2.25, -2],
			"scale": [0.6, 0.6, 0.6]
		},
		"thirdperson_lefthand": {
			"translation": [0, 2.25, -2],
			"scale": [0.6, 0.6, 0.6]
		},
		"firstperson_righthand": {
			"translation": [0, 0, -2.5],
			"scale": [0.8, 0.8, 0.8]
		},
		"firstperson_lefthand": {
			"translation": [0, 0, -2.5],
			"scale": [0.8, 0.8, 0.8]
		},
		"ground": {
			"scale": [0.4, 0.4, 0.4]
		},
		"gui": {
			"rotation": [30, 225, 0],
			"translation": [-1.25, 0.5, 0],
			"scale": [0.8, 0.8, 0.8]
		},
		"fixed": {
			"rotation": [0, 90, 0],
			"translation": [0, 0, -1.5]
		}
	},
	"groups": [
		{
			"name": "handle",
			"origin": [0, 0.5, -3],
			"color": 0,
			"children": [0, 1, 2, 3, 4]
		},
		5,
		6,
		7,
		8,
		9,
		10,
		11,
		12,
		13,
		14,
		15,
		16,
		17
	]
}