{
	"format_version": "1.12.0",
	"minecraft:geometry": [
		{
			"description": {
				"identifier": "geometry.quantum_armor",
				"texture_width": 128,
				"texture_height": 128,
				"visible_bounds_width": 3,
				"visible_bounds_height": 3.5,
				"visible_bounds_offset": [0, 1.25, 0]
			},
			"bones": [
				{
					"name": "bipedHead",
					"pivot": [0, 24, 0]
				},
				{
					"name": "armorHead",
					"parent": "bipedHead",
					"pivot": [0, 24, 0],
					"cubes": [
						{
							"origin": [-4.6, 23.98, -4.69],
							"size": [9.2, 1.15, 0.35],
							"uv": {
								"north": { "uv": [84, 84], "uv_size": [18, 2] },
								"up": { "uv": [16, 24], "uv_size": [18, 2] },
								"down": { "uv": [16, 28], "uv_size": [18, -2] }
							}
						},
						{
							"origin": [-4.4, 29.83, -4.69],
							"size": [8.8, 2.5, 0.35],
							"uv": {
								"north": { "uv": [58, 24], "uv_size": [18, 6] }
							}
						},
						{
							"origin": [-4.5, 23.97, -4.69],
							"size": [9, 0.05, 2.35],
							"uv": {
								"east": { "uv": [42, 64], "uv_size": [2, 0.5] },
								"west": { "uv": [82, 15], "uv_size": [2, 0.5] },
								"down": { "uv": [86, 24], "uv_size": [18, -4] }
							}
						},
						{
							"origin": [-4.7, 23.999, 1.96],
							"size": [9.4, 0.5, 2.05],
							"uv": {
								"south": { "uv": [16, 28], "uv_size": [18, 2] },
								"down": { "uv": [90, 28], "uv_size": [18, -4] }
							}
						},
						{
							"origin": [-0.485, 24.62515, -4.65],
							"size": [4.72, 1.3, 0.25],
							"pivot": [1.76183, 23.92515, -4.325],
							"rotation": [0, 0, 12.5],
							"uv": {
								"north": { "uv": [8, 102], "uv_size": [10, 2] },
								"up": { "uv": [36, 124], "uv_size": [10, 2] }
							}
						},
						{
							"origin": [-4.215, 24.62515, -4.65],
							"size": [4.7, 1.3, 0.25],
							"inflate": 0.001,
							"pivot": [-1.76183, 23.92515, -4.325],
							"rotation": [0, 0, -12.5],
							"uv": {
								"north": { "uv": [46, 124], "uv_size": [10, 2] },
								"up": { "uv": [56, 124], "uv_size": [10, 2] }
							}
						},
						{
							"origin": [-2, 26, 3.8],
							"size": [4, 8.8, 0.5],
							"pivot": [0, 30.4, 4.05],
							"rotation": [180, 5, -90],
							"uv": {
								"north": { "uv": [0, 48], "uv_size": [8, 18] },
								"south": { "uv": [8, 48], "uv_size": [8, 18] },
								"up": { "uv": [64, 120], "uv_size": [8, 2] },
								"down": { "uv": [24, 128], "uv_size": [8, -2] }
							}
						},
						{
							"origin": [-2, 22.0588, 3.8],
							"size": [4, 8.8, 0.5],
							"inflate": 0.001,
							"pivot": [0, 26.4588, 4.05],
							"rotation": [180, -5, -90],
							"uv": {
								"north": { "uv": [16, 56], "uv_size": [8, 18] },
								"south": { "uv": [24, 56], "uv_size": [8, 18] },
								"up": { "uv": [64, 50], "uv_size": [8, 2] },
								"down": { "uv": [64, 54], "uv_size": [8, -2] }
							}
						},
						{
							"origin": [-4.78949, 28.51684, -4.75],
							"size": [0.75, 4, 8.75],
							"pivot": [-5.03949, 30.51684, 0],
							"rotation": [0, 0, 9],
							"uv": {
								"north": { "uv": [16, 48], "uv_size": [2, 8] },
								"east": { "uv": [28, 48], "uv_size": [18, 8] },
								"south": { "uv": [34, 116], "uv_size": [2, 8] },
								"west": { "uv": [46, 48], "uv_size": [18, 8] }
							}
						},
						{
							"origin": [-4.93017, 23.97, -4.75],
							"size": [0.75, 4.52, 8.75],
							"pivot": [-5.18017, 26.48818, 0],
							"rotation": [0, 0, -5],
							"uv": {
								"north": { "uv": [124, 94], "uv_size": [2, 10] },
								"east": { "uv": [0, 38], "uv_size": [18, 10] },
								"south": { "uv": [56, 62], "uv_size": [2, 10] },
								"west": { "uv": [40, 0], "uv_size": [18, 10] },
								"down": { "uv": [36, 48], "uv_size": [2, -18] }
							}
						},
						{
							"origin": [4.0518, 28.36041, -4.75],
							"size": [0.75, 4, 8.75],
							"pivot": [4.0518, 30.36041, 0],
							"rotation": [0, 0, -9],
							"uv": {
								"north": { "uv": [26, 118], "uv_size": [2, 8] },
								"east": { "uv": [50, 30], "uv_size": [18, 8] },
								"south": { "uv": [106, 76], "uv_size": [2, 8] },
								"west": { "uv": [50, 38], "uv_size": [18, 8] }
							}
						},
						{
							"origin": [4.18398, 24.055, -4.75],
							"size": [0.75, 4.52, 8.75],
							"pivot": [4.18398, 26.57533, 0],
							"rotation": [0, 0, 5],
							"uv": {
								"north": { "uv": [58, 62], "uv_size": [2, 10] },
								"east": { "uv": [40, 10], "uv_size": [18, 10] },
								"south": { "uv": [28, 116], "uv_size": [2, 10] },
								"west": { "uv": [40, 20], "uv_size": [18, 10] },
								"down": { "uv": [38, 48], "uv_size": [2, -18] }
							}
						},
						{
							"origin": [-0.07, 32, -4.75],
							"size": [4.52, 0.75, 8.75],
							"inflate": 0.001,
							"pivot": [2.2, 32.375, -0.375],
							"rotation": [0, 0, 7.5],
							"uv": {
								"north": { "uv": [106, 124], "uv_size": [10, 2] },
								"south": { "uv": [114, 118], "uv_size": [10, 2] },
								"up": { "uv": [18, 38], "uv_size": [10, 18] }
							}
						},
						{
							"origin": [-4.45, 32, -4.75],
							"size": [4.52, 0.75, 8.75],
							"inflate": 0.002,
							"pivot": [-2.2, 32.375, -0.375],
							"rotation": [0, 0, -7.5],
							"uv": {
								"north": { "uv": [8, 100], "uv_size": [10, 2] },
								"south": { "uv": [116, 124], "uv_size": [10, 2] },
								"up": { "uv": [40, 30], "uv_size": [10, 18] }
							}
						},
						{
							"origin": [-4.8, 29.1, -4.6],
							"size": [5, 1.4, 0.5],
							"pivot": [-2, 30.05, -4.45],
							"rotation": [0, 0, -14],
							"uv": {
								"north": { "uv": [8, 104], "uv_size": [10, 2] },
								"down": { "uv": [0, 12], "uv_size": [10, -2] }
							}
						},
						{
							"origin": [-0.2, 29.1, -4.61],
							"size": [4.8, 1.4, 0.5],
							"inflate": 0.001,
							"pivot": [2, 30.05, -4.45],
							"rotation": [0, 0, 14],
							"uv": {
								"north": { "uv": [22, 10], "uv_size": [10, 2] },
								"down": { "uv": [22, 10], "uv_size": [10, -2] }
							}
						}
					]
				},
				{
					"name": "hud",
					"parent": "armorHead",
					"pivot": [-2.3, 26.5, -3.5],
					"cubes": [
						{
							"origin": [-3.8, 26.3, -4.59],
							"size": [3.3, 2.2, 0],
							"uv": {
								"north": { "uv": [20, 116], "uv_size": [6, 4] }
							}
						},
						{
							"origin": [-4.4, 25.3, -4.59],
							"size": [0.6, 3.4, 0.3],
							"uv": {
								"north": { "uv": [44, 116], "uv_size": [2, 6] },
								"west": { "uv": [46, 116], "uv_size": [2, 6] }
							}
						},
						{
							"origin": [-3.8, 28.5, -4.59],
							"size": [3.3, 0.2, 0.3],
							"uv": {
								"north": { "uv": [92, 48], "uv_size": [6, 2] },
								"west": { "uv": [6, 124], "uv_size": [2, 2] },
								"up": { "uv": [18, 104], "uv_size": [6, 2] },
								"down": { "uv": [98, 108], "uv_size": [6, -2] }
							}
						}
					]
				},
				{
					"name": "bipedBody",
					"pivot": [0, 24, 0]
				},
				{
					"name": "armorBody",
					"parent": "bipedBody",
					"pivot": [0, 24, 0],
					"cubes": [
						{
							"origin": [-4, 20, -2],
							"size": [8, 4, 4],
							"inflate": 0.5,
							"uv": {
								"north": { "uv": [58, 0], "uv_size": [16, 8] },
								"east": { "uv": [98, 28], "uv_size": [8, 8] },
								"south": { "uv": [58, 8], "uv_size": [16, 8] },
								"west": { "uv": [32, 98], "uv_size": [8, 8] },
								"down": { "uv": [58, 24], "uv_size": [16, -8] }
							}
						},
						{
							"origin": [-4.02, 12, -2.1],
							"size": [8.02, 7.4, 4.2],
							"inflate": 0.002,
							"uv": {
								"north": { "uv": [0, 24], "uv_size": [16, 14] },
								"east": { "uv": [60, 64], "uv_size": [8, 14] },
								"south": { "uv": [0, 24], "uv_size": [16, 14] },
								"west": { "uv": [60, 64], "uv_size": [8, 14] }
							}
						},
						{
							"origin": [-0.6, 11.4, -2.8],
							"size": [1.2, 1.2, 0.5],
							"pivot": [0, 12, -3.8],
							"rotation": [0, 0, 45],
							"uv": {
								"north": { "uv": [20, 116], "uv_size": [5, 2] },
								"east": { "uv": [20, 116], "uv_size": [2, 2] },
								"west": { "uv": [20, 116], "uv_size": [2, 2] },
								"up": { "uv": [22, 118], "uv_size": [-2, -2] },
								"down": { "uv": [22, 118], "uv_size": [-2, -2] }
							}
						},
						{
							"origin": [-2.20858, 20.25858, -2.7],
							"size": [4.4, 2, 0.5],
							"uv": {
								"north": { "uv": [0, 12], "uv_size": [32, 12] },
								"up": { "uv": [12, 12], "uv_size": [8, 2] },
								"down": { "uv": [12, 14], "uv_size": [8, -2] }
							}
						},
						{
							"origin": [-2.91832, 20.25858, -2.5144],
							"size": [0.8, 2, 0.5],
							"pivot": [-2.86832, 21.25858, -2.2644],
							"rotation": [0, 15, 0],
							"uv": {
								"north": { "uv": [32, 0], "uv_size": [8, 12] },
								"up": { "uv": [12, 12], "uv_size": [6, 2] },
								"down": { "uv": [12, 14], "uv_size": [2, -2] }
							}
						},
						{
							"origin": [2.10116, 20.25858, -2.5144],
							"size": [0.8, 2, 0.5],
							"pivot": [2.85116, 21.25858, -2.2644],
							"rotation": [0, -15, 0],
							"uv": {
								"north": { "uv": [32, 12], "uv_size": [8, 12] },
								"up": { "uv": [12, 12], "uv_size": [6, 2] },
								"down": { "uv": [12, 14], "uv_size": [4, -2] }
							}
						},
						{
							"origin": [-3.5, 23.5, -2.9],
							"size": [7.1, 1, 0.4],
							"inflate": 0.001,
							"uv": {
								"north": { "uv": [86, 126], "uv_size": [14, 2] },
								"east": { "uv": [124, 18], "uv_size": [2, 2] },
								"west": { "uv": [20, 126], "uv_size": [2, 2] },
								"up": { "uv": [58, 18], "uv_size": [14, 1] }
							}
						},
						{
							"origin": [-4.6, 23.1, -2.9],
							"size": [4.7, 0.7, 0.4],
							"pivot": [-1.35, 23.35, -2.7],
							"rotation": [0, 0, 10],
							"uv": {
								"north": { "uv": [96, 86], "uv_size": [10, 2] },
								"east": { "uv": [8, 118], "uv_size": [2, 2] },
								"up": { "uv": [58, 18], "uv_size": [10, 1] },
								"down": { "uv": [88, 84], "uv_size": [10, -2] }
							}
						},
						{
							"origin": [-0.1, 23.1, -2.9],
							"size": [4.7, 0.7, 0.4],
							"pivot": [1.35, 23.35, -2.7],
							"rotation": [0, 0, -10],
							"uv": {
								"north": { "uv": [116, 12], "uv_size": [10, 2] },
								"west": { "uv": [8, 112], "uv_size": [2, 2] },
								"up": { "uv": [58, 19], "uv_size": [10, 1] },
								"down": { "uv": [116, 16], "uv_size": [10, -2] }
							}
						},
						{
							"origin": [-0.05, 22.8, -2.9],
							"size": [2.25, 0.5, 0.4],
							"inflate": -0.001,
							"pivot": [1.1, 23.05, -2.7],
							"rotation": [0, 0, -10],
							"uv": {
								"north": { "uv": [72, 122], "uv_size": [4, 2] },
								"west": { "uv": [8, 124], "uv_size": [2, 2] },
								"down": { "uv": [100, 98], "uv_size": [4, -2] }
							}
						},
						{
							"origin": [-2.3, 22.8, -2.9],
							"size": [2.35, 0.5, 0.4],
							"inflate": -0.001,
							"pivot": [-1.1, 23.05, -2.7],
							"rotation": [0, 0, 10],
							"uv": {
								"north": { "uv": [102, 84], "uv_size": [4, 2] },
								"east": { "uv": [124, 16], "uv_size": [2, 2] },
								"down": { "uv": [80, 46], "uv_size": [4, -2] }
							}
						},
						{
							"origin": [-3.5, 18.1, -2.4],
							"size": [3.6, 0.7, 0.4],
							"pivot": [-1.35, 18.35, -2.2],
							"rotation": [0, 0, 10],
							"uv": {
								"north": { "uv": [18, 0], "uv_size": [8, 2] },
								"east": { "uv": [20, 116], "uv_size": [2, 2] },
								"down": { "uv": [20, 118], "uv_size": [8, -2] }
							}
						},
						{
							"origin": [-3.5, 18.5, -2.4],
							"size": [7.1, 1, 0.4],
							"inflate": 0.001,
							"uv": {
								"north": { "uv": [16, 36], "uv_size": [14, 2] },
								"east": { "uv": [20, 116], "uv_size": [2, 2] },
								"west": { "uv": [20, 116], "uv_size": [2, 2] }
							}
						},
						{
							"origin": [-0.1, 18.1, -2.4],
							"size": [3.7, 0.7, 0.4],
							"pivot": [1.35, 18.35, -2.2],
							"rotation": [0, 0, -10],
							"uv": {
								"north": { "uv": [106, 126], "uv_size": [8, 2] },
								"west": { "uv": [20, 116], "uv_size": [2, 2] },
								"down": { "uv": [20, 118], "uv_size": [8, -2] }
							}
						},
						{
							"origin": [-0.05, 17.8, -2.4],
							"size": [2.25, 0.5, 0.4],
							"inflate": -0.001,
							"pivot": [1.1, 18.05, -2.2],
							"rotation": [0, 0, -10],
							"uv": {
								"north": { "uv": [92, 46], "uv_size": [4, 2] },
								"west": { "uv": [20, 116], "uv_size": [2, 2] },
								"down": { "uv": [20, 118], "uv_size": [4, -2] }
							}
						},
						{
							"origin": [-2.3, 17.8, -2.4],
							"size": [2.35, 0.5, 0.4],
							"inflate": -0.001,
							"pivot": [-1.1, 18.05, -2.2],
							"rotation": [0, 0, 10],
							"uv": {
								"north": { "uv": [72, 118], "uv_size": [4, 2] },
								"east": { "uv": [20, 116], "uv_size": [2, 2] },
								"down": { "uv": [20, 118], "uv_size": [4, -2] }
							}
						},
						{
							"origin": [-4.6, 23.1, 2.5],
							"size": [4.7, 0.7, 0.4],
							"inflate": 0.002,
							"pivot": [-1.35, 23.35, 2.7],
							"rotation": [0, 0, 10],
							"uv": {
								"east": { "uv": [122, 66], "uv_size": [2, 2] },
								"south": { "uv": [36, 126], "uv_size": [10, 2] },
								"up": { "uv": [58, 18], "uv_size": [10, 1] },
								"down": { "uv": [118, 50], "uv_size": [10, -2] }
							}
						},
						{
							"origin": [-2.3, 22.8, 2.5],
							"size": [2.35, 0.5, 0.4],
							"inflate": 0.002,
							"pivot": [-1.1, 23.05, 2.7],
							"rotation": [0, 0, 10],
							"uv": {
								"east": { "uv": [124, 66], "uv_size": [2, 2] },
								"south": { "uv": [16, 126], "uv_size": [4, 2] },
								"down": { "uv": [36, 122], "uv_size": [4, -2] }
							}
						},
						{
							"origin": [-0.05, 22.8, 2.5],
							"size": [2.25, 0.5, 0.4],
							"inflate": 0.002,
							"pivot": [1.1, 23.05, 2.7],
							"rotation": [0, 0, -10],
							"uv": {
								"south": { "uv": [32, 62], "uv_size": [4, 2] },
								"west": { "uv": [122, 24], "uv_size": [2, 2] },
								"down": { "uv": [72, 122], "uv_size": [4, -2] }
							}
						},
						{
							"origin": [-0.1, 23.1, 2.5],
							"size": [4.7, 0.7, 0.4],
							"inflate": 0.002,
							"pivot": [1.35, 23.35, 2.7],
							"rotation": [0, 0, -10],
							"uv": {
								"south": { "uv": [116, 20], "uv_size": [10, 2] },
								"west": { "uv": [10, 124], "uv_size": [2, 2] },
								"up": { "uv": [58, 18], "uv_size": [10, 1] },
								"down": { "uv": [116, 24], "uv_size": [10, -2.1] }
							}
						},
						{
							"origin": [-3.5, 23.5, 2.5],
							"size": [7.1, 1, 0.4],
							"inflate": 0.002,
							"uv": {
								"east": { "uv": [120, 24], "uv_size": [2, 2] },
								"south": { "uv": [16, 34], "uv_size": [14, 2] },
								"west": { "uv": [22, 126], "uv_size": [2, 2] },
								"up": { "uv": [58, 19], "uv_size": [14, 1] }
							}
						},
						{
							"origin": [-1.1, 11.5, -2.3],
							"size": [2.2, 6.3, 0.2],
							"uv": {
								"north": { "uv": [40, 106], "uv_size": [4, 12] },
								"east": { "uv": [20, 116], "uv_size": [2, 10] },
								"west": { "uv": [20, 116], "uv_size": [2, 10] }
							}
						},
						{
							"origin": [-1.1, 10.5, -2.3],
							"size": [2.2, 1.5, 0.2],
							"uv": {
								"north": { "uv": [40, 118], "uv_size": [4, 4] },
								"east": { "uv": [16, 6], "uv_size": [2, 4] },
								"west": { "uv": [18, 6], "uv_size": [2, 4] },
								"down": { "uv": [118, 74], "uv_size": [4, -2] }
							}
						},
						{
							"origin": [-4.15, 11.4, -2.4],
							"size": [8.3, 1.2, 4.7],
							"uv": {
								"north": { "uv": [0, 0], "uv_size": [18, 2] },
								"east": { "uv": [0, 0], "uv_size": [18, 2] },
								"south": { "uv": [0, 0], "uv_size": [18, 2] },
								"west": { "uv": [0, 0], "uv_size": [18, 2] },
								"up": { "uv": [18, 2], "uv_size": [-18, -2] },
								"down": { "uv": [18, 2], "uv_size": [-18, -2] }
							}
						}
					]
				},
				{
					"name": "scarf",
					"parent": "armorBody",
					"pivot": [2.6, 22.5, 2.9],
					"cubes": [
						{
							"origin": [1.6, 21, 2.8],
							"size": [2, 2.5, 0.1],
							"uv": {
								"north": { "uv": [56, 72], "uv_size": [4, 6] },
								"south": { "uv": [76, 24], "uv_size": [4, 6] }
							}
						}
					]
				},
				{
					"name": "mid1",
					"parent": "scarf",
					"pivot": [2.6, 21, 2.9],
					"cubes": [
						{
							"origin": [1.6, 19, 2.8],
							"size": [2, 2, 0.1],
							"uv": {
								"north": { "uv": [84, 50], "uv_size": [4, 4] },
								"south": { "uv": [88, 94], "uv_size": [4, 4] }
							}
						}
					]
				},
				{
					"name": "mid2",
					"parent": "mid1",
					"pivot": [2.6, 19, 2.9],
					"cubes": [
						{
							"origin": [1.6, 17, 2.8],
							"size": [2, 2, 0.1],
							"uv": {
								"north": { "uv": [44, 106], "uv_size": [4, 4] },
								"south": { "uv": [122, 62], "uv_size": [4, 4] }
							}
						}
					]
				},
				{
					"name": "bottom",
					"parent": "mid2",
					"pivot": [2.6, 17, 2.9],
					"cubes": [
						{
							"origin": [1.6, 15, 2.8],
							"size": [2, 2, 0.1],
							"uv": {
								"north": { "uv": [64, 60], "uv_size": [4, 4] },
								"south": { "uv": [80, 40], "uv_size": [4, 4] }
							}
						}
					]
				},
				{
					"name": "bipedRightArm",
					"pivot": [-4, 22, 0]
				},
				{
					"name": "armorRightArm",
					"parent": "bipedRightArm",
					"pivot": [-4, 22, 0],
					"cubes": [
						{
							"origin": [-8.1, 15.4, -2.1],
							"size": [4.2, 2.4, 4.2],
							"inflate": 0.01,
							"uv": {
								"north": { "uv": [118, 36], "uv_size": [8, 4] },
								"east": { "uv": [118, 40], "uv_size": [8, 4] },
								"south": { "uv": [118, 32], "uv_size": [8, 4] },
								"west": { "uv": [118, 28], "uv_size": [8, 4] }
							}
						},
						{
							"origin": [-8, 18, -2],
							"size": [3.9, 5.3, 4],
							"inflate": 0.35,
							"uv": {
								"north": { "uv": [80, 54], "uv_size": [8, 10] },
								"east": { "uv": [80, 64], "uv_size": [8, 10] },
								"south": { "uv": [80, 74], "uv_size": [8, 10] },
								"west": { "uv": [0, 82], "uv_size": [8, 10] },
								"down": { "uv": [40, 106], "uv_size": [8, -8] }
							}
						},
						{
							"origin": [-8, 12.15, -2],
							"size": [3.8, 3.25, 4],
							"inflate": 0.35,
							"uv": {
								"north": { "uv": [0, 108], "uv_size": [8, 6] },
								"east": { "uv": [108, 74], "uv_size": [8, 6] },
								"south": { "uv": [76, 108], "uv_size": [8, 6] },
								"west": { "uv": [98, 108], "uv_size": [8, 6] },
								"up": { "uv": [20, 116], "uv_size": [4, 10] },
								"down": { "uv": [98, 60], "uv_size": [8, -8] }
							}
						},
						{
							"origin": [-8.4, 22.12363, -2.04494],
							"size": [4.8, 2, 0.5],
							"pivot": [-6, 24.49166, 0.01824],
							"rotation": [-27.5, 0, 7.5],
							"uv": {
								"north": { "uv": [72, 114], "uv_size": [10, 4] },
								"east": { "uv": [2, 118], "uv_size": [2, 4] },
								"south": { "uv": [82, 114], "uv_size": [10, 4] },
								"west": { "uv": [4, 118], "uv_size": [2, 4] },
								"down": { "uv": [62, 58], "uv_size": [10, -2] }
							}
						},
						{
							"origin": [-8.4, 24.61789, -1.98176],
							"size": [4.8, 0.5, 4],
							"pivot": [-6, 24.49166, 0.01824],
							"rotation": [0, 0, 7.5],
							"uv": {
								"east": { "uv": [46, 126], "uv_size": [8, 2] },
								"west": { "uv": [118, 56], "uv_size": [8, 2] },
								"up": { "uv": [36, 80], "uv_size": [10, 8] },
								"down": { "uv": [46, 88], "uv_size": [10, -8] }
							}
						},
						{
							"origin": [-9.65935, 24.05732, -1.98176],
							"size": [5.8, 0.5, 4],
							"pivot": [-6.75935, 23.9311, 0.01824],
							"rotation": [0, 0, -5],
							"uv": {
								"east": { "uv": [118, 54], "uv_size": [8, 2] },
								"west": { "uv": [118, 52], "uv_size": [8, 2] },
								"up": { "uv": [68, 38], "uv_size": [12, 8] },
								"down": { "uv": [68, 68], "uv_size": [12, -8] }
							}
						},
						{
							"origin": [-9.65935, 21.56307, 1.58142],
							"size": [5.8, 2, 0.5],
							"pivot": [-6.75935, 23.9311, 0.01824],
							"rotation": [27.5, 0, -5],
							"uv": {
								"north": { "uv": [106, 32], "uv_size": [12, 4] },
								"east": { "uv": [6, 118], "uv_size": [2, 4] },
								"south": { "uv": [106, 42], "uv_size": [12, 4] },
								"down": { "uv": [112, 122], "uv_size": [12, -2] }
							}
						},
						{
							"origin": [-9.65935, 21.56307, -2.04494],
							"size": [5.8, 2, 0.5],
							"pivot": [-6.75935, 23.9311, 0.01824],
							"rotation": [-27.5, 0, -5],
							"uv": {
								"north": { "uv": [106, 46], "uv_size": [12, 4] },
								"east": { "uv": [100, 124], "uv_size": [2, 4] },
								"south": { "uv": [106, 50], "uv_size": [12, 4] },
								"down": { "uv": [0, 124], "uv_size": [12, -2] }
							}
						},
						{
							"origin": [-9.76861, 21.0305, 1.58142],
							"size": [5.8, 2, 0.5],
							"pivot": [-6.86861, 23.39853, 0.01824],
							"rotation": [27.5, 0, -15],
							"uv": {
								"north": { "uv": [106, 62], "uv_size": [12, 4] },
								"east": { "uv": [6, 6], "uv_size": [2, 4] },
								"south": { "uv": [64, 106], "uv_size": [12, 4] },
								"west": { "uv": [8, 6], "uv_size": [2, 4] },
								"down": { "uv": [48, 124], "uv_size": [12, -2] }
							}
						},
						{
							"origin": [-9.76861, 23.52476, -1.98176],
							"size": [5.8, 0.5, 4],
							"pivot": [-6.86861, 23.39853, 0.01824],
							"rotation": [0, 0, -15],
							"uv": {
								"east": { "uv": [54, 126], "uv_size": [8, 2] },
								"west": { "uv": [116, 78], "uv_size": [8, 2] },
								"up": { "uv": [68, 68], "uv_size": [12, 8] },
								"down": { "uv": [32, 80], "uv_size": [12, -8] }
							}
						},
						{
							"origin": [-9.76861, 21.0305, -2.04494],
							"size": [5.8, 2, 0.5],
							"pivot": [-6.86861, 23.39853, 0.01824],
							"rotation": [-27.5, 0, -15],
							"uv": {
								"north": { "uv": [106, 54], "uv_size": [12, 4] },
								"east": { "uv": [2, 6], "uv_size": [2, 4] },
								"south": { "uv": [106, 58], "uv_size": [12, 4] },
								"west": { "uv": [4, 6], "uv_size": [2, 4] },
								"down": { "uv": [36, 124], "uv_size": [12, -2] }
							}
						},
						{
							"origin": [-8.8, 20.5, -2.4],
							"size": [0.5, 2.5, 4.8],
							"pivot": [-7.8, 21, 0],
							"rotation": [0, 0, 7.5],
							"uv": {
								"north": { "uv": [12, 122], "uv_size": [2, 6] },
								"east": { "uv": [100, 36], "uv_size": [10, 6] },
								"south": { "uv": [14, 122], "uv_size": [2, 6] },
								"down": { "uv": [50, 72], "uv_size": [2, -10] }
							}
						},
						{
							"origin": [-8.9, 18.9, -1.4],
							"size": [0.6, 1.5, 2.8],
							"pivot": [-7.8, 18.9, 0],
							"rotation": [0, 0, 7.5],
							"uv": {
								"east": { "uv": [20, 116], "uv_size": [6, 4] }
							}
						},
						{
							"origin": [-8.8, 18, -2.4],
							"size": [0.5, 2.5, 4.8],
							"pivot": [-7.8, 19, 0],
							"rotation": [0, 0, 7.5],
							"uv": {
								"north": { "uv": [32, 64], "uv_size": [2, 6] },
								"east": { "uv": [100, 36], "uv_size": [10, 6] },
								"south": { "uv": [34, 64], "uv_size": [2, 6] },
								"down": { "uv": [52, 72], "uv_size": [2, -10] }
							}
						},
						{
							"origin": [-8.4599, 11.96703, -2.15],
							"size": [0.5, 2.5, 4.3],
							"pivot": [-8.2099, 13.21703, 0.15],
							"rotation": [0, 0, -5],
							"uv": {
								"north": { "uv": [28, 42], "uv_size": [2, 6] },
								"east": { "uv": [110, 36], "uv_size": [8, 6] },
								"south": { "uv": [30, 42], "uv_size": [2, 6] },
								"up": { "uv": [30, 116], "uv_size": [2, 8] }
							}
						},
						{
							"origin": [-8.4, 22.12363, 1.58142],
							"size": [4.8, 2, 0.5],
							"pivot": [-6, 24.49166, 0.01824],
							"rotation": [27.5, 0, 7.5],
							"uv": {
								"north": { "uv": [114, 88], "uv_size": [10, 4] },
								"east": { "uv": [42, 68], "uv_size": [2, 4] },
								"south": { "uv": [92, 114], "uv_size": [10, 4] },
								"west": { "uv": [126, 40], "uv_size": [2, 4] },
								"down": { "uv": [114, 114], "uv_size": [10, -2] }
							}
						}
					]
				},
				{
					"name": "blade_right",
					"parent": "armorRightArm",
					"pivot": [-15, 12, 0],
					"cubes": [
						{
							"origin": [-9, 12, -1.4],
							"size": [1.2, 2, 2.8],
							"pivot": [-8, 12, 0],
							"rotation": [0, 0, 12],
							"uv": {
								"north": { "uv": [62, 118], "uv_size": [2, 4] },
								"east": { "uv": [18, 100], "uv_size": [6, 4] },
								"south": { "uv": [116, 74], "uv_size": [2, 4] },
								"down": { "uv": [48, 122], "uv_size": [2, -6] }
							}
						},
						{
							"origin": [-8.7185, 7.2, -0.9],
							"size": [0.02, 5.3, 1.8],
							"inflate": 0.002,
							"uv": {
								"east": { "uv": [20, 116], "uv_size": [4, 10] },
								"west": { "uv": [20, 116], "uv_size": [4, 10] }
							}
						},
						{
							"origin": [-8.71, 6.6, -0.5],
							"size": [0.01, 1.3, 1.3],
							"pivot": [-8.7, 7.4, 0],
							"rotation": [-45, 0, 0],
							"uv": {
								"east": { "uv": [20, 116], "uv_size": [5, 2] },
								"west": { "uv": [20, 116], "uv_size": [2, 2] }
							}
						},
						{
							"origin": [-9, 12.1, 0.7],
							"size": [2, 3.6, 0.3],
							"uv": {
								"north": { "uv": [12, 66], "uv_size": [4, 8] },
								"east": { "uv": [40, 64], "uv_size": [2, 8] },
								"south": { "uv": [64, 86], "uv_size": [4, 8] },
								"down": { "uv": [118, 66], "uv_size": [4, -2] }
							}
						},
						{
							"origin": [-9, 12.1, -1],
							"size": [2, 3.6, 0.3],
							"uv": {
								"north": { "uv": [76, 118], "uv_size": [4, 8] },
								"east": { "uv": [40, 56], "uv_size": [2, 8] },
								"south": { "uv": [80, 118], "uv_size": [4, 8] },
								"down": { "uv": [118, 68], "uv_size": [4, -2] }
							}
						},
						{
							"origin": [-9.12538, 15.21519, -1],
							"size": [2, 2.1, 0.3],
							"inflate": 0.001,
							"pivot": [-8.12538, 15.21519, 0],
							"rotation": [0, 0, 29],
							"uv": {
								"north": { "uv": [0, 2], "uv_size": [4, 4] },
								"east": { "uv": [120, 74], "uv_size": [2, 4] },
								"south": { "uv": [4, 2], "uv_size": [4, 4] }
							}
						},
						{
							"origin": [-9.12538, 15.21519, 0.7],
							"size": [2, 2.1, 0.3],
							"inflate": 0.001,
							"pivot": [-8.12538, 15.21519, 0],
							"rotation": [0, 0, 29],
							"uv": {
								"north": { "uv": [36, 116], "uv_size": [4, 4] },
								"east": { "uv": [118, 74], "uv_size": [2, 4] },
								"south": { "uv": [16, 122], "uv_size": [4, 4] }
							}
						},
						{
							"origin": [-9, 11.98089, -0.5],
							"size": [1, 1.3, 1],
							"uv": {
								"north": { "uv": [64, 102], "uv_size": [2, 2] },
								"east": { "uv": [108, 80], "uv_size": [2, 2] },
								"south": { "uv": [64, 102], "uv_size": [2, 2] },
								"up": { "uv": [66, 104], "uv_size": [-2, -2] },
								"down": { "uv": [30, 126], "uv_size": [2, -2] }
							}
						}
					]
				},
				{
					"name": "bipedLeftArm",
					"pivot": [4, 22, 0]
				},
				{
					"name": "armorLeftArm",
					"parent": "bipedLeftArm",
					"pivot": [4, 22, 0],
					"cubes": [
						{
							"origin": [4.2, 12.15, -2],
							"size": [3.8, 3.25, 4],
							"inflate": 0.35,
							"uv": {
								"north": { "uv": [106, 108], "uv_size": [8, 6] },
								"east": { "uv": [16, 110], "uv_size": [8, 6] },
								"south": { "uv": [24, 110], "uv_size": [8, 6] },
								"west": { "uv": [32, 110], "uv_size": [8, 6] },
								"up": { "uv": [20, 116], "uv_size": [4, 10] },
								"down": { "uv": [88, 106], "uv_size": [8, -8] }
							}
						},
						{
							"origin": [3.9, 15.4, -2.1],
							"size": [4.2, 2.4, 4.2],
							"inflate": 0.01,
							"uv": {
								"north": { "uv": [118, 36], "uv_size": [8, 4] },
								"east": { "uv": [118, 32], "uv_size": [8, 4] },
								"south": { "uv": [118, 36], "uv_size": [8, -4] },
								"west": { "uv": [118, 36], "uv_size": [8, 4] }
							}
						},
						{
							"origin": [4.1, 18, -2],
							"size": [3.9, 5.3, 4],
							"inflate": 0.35,
							"uv": {
								"north": { "uv": [8, 82], "uv_size": [8, 10] },
								"east": { "uv": [16, 82], "uv_size": [8, 10] },
								"south": { "uv": [84, 40], "uv_size": [8, 10] },
								"west": { "uv": [68, 84], "uv_size": [8, 10] },
								"down": { "uv": [98, 68], "uv_size": [8, -8] }
							}
						},
						{
							"origin": [7.9599, 11.96703, -2.15],
							"size": [0.5, 2.5, 4.3],
							"pivot": [8.2099, 13.21703, 0.15],
							"rotation": [0, 0, 5],
							"uv": {
								"north": { "uv": [32, 42], "uv_size": [2, 6] },
								"south": { "uv": [34, 42], "uv_size": [2, 6] },
								"west": { "uv": [44, 110], "uv_size": [8, 6] },
								"up": { "uv": [32, 116], "uv_size": [2, 8] }
							}
						},
						{
							"origin": [8.3, 20.5, -2.4],
							"size": [0.5, 2.5, 4.8],
							"pivot": [9.3, 21, 0],
							"rotation": [0, 0, -7.5],
							"uv": {
								"north": { "uv": [36, 58], "uv_size": [2, 6] },
								"south": { "uv": [38, 58], "uv_size": [2, 6] },
								"west": { "uv": [100, 36], "uv_size": [10, 6] },
								"down": { "uv": [48, 72], "uv_size": [2, -10] }
							}
						},
						{
							"origin": [8.3, 18.9, -1.4],
							"size": [0.6, 1.5, 2.8],
							"pivot": [9.3, 18.9, 0],
							"rotation": [0, 0, -7.5],
							"uv": {
								"west": { "uv": [20, 116], "uv_size": [6, 4] }
							}
						},
						{
							"origin": [8.3, 18, -2.4],
							"size": [0.5, 2.5, 4.8],
							"pivot": [9.3, 19, 0],
							"rotation": [0, 0, -7.5],
							"uv": {
								"north": { "uv": [36, 64], "uv_size": [2, 6] },
								"south": { "uv": [38, 64], "uv_size": [2, 6] },
								"west": { "uv": [100, 36], "uv_size": [10, 6] },
								"down": { "uv": [54, 72], "uv_size": [2, -10] }
							}
						},
						{
							"origin": [3.79817, 21.66171, -2.04494],
							"size": [5.8, 2, 0.5],
							"pivot": [6.69817, 24.02974, 0.01824],
							"rotation": [-27.5, 0, 5],
							"uv": {
								"north": { "uv": [104, 20], "uv_size": [12, 4] },
								"east": { "uv": [90, 36], "uv_size": [2, 4] },
								"south": { "uv": [16, 106], "uv_size": [12, 4] },
								"west": { "uv": [86, 102], "uv_size": [2, 4] },
								"down": { "uv": [8, 122], "uv_size": [12, -2] }
							}
						},
						{
							"origin": [3.79817, 21.66171, 1.58142],
							"size": [5.8, 2, 0.5],
							"pivot": [6.69817, 24.02974, 0.01824],
							"rotation": [27.5, 0, 5],
							"uv": {
								"north": { "uv": [28, 106], "uv_size": [12, 4] },
								"south": { "uv": [106, 28], "uv_size": [12, 4] },
								"west": { "uv": [126, 44], "uv_size": [2, 4] },
								"down": { "uv": [100, 122], "uv_size": [12, -2] }
							}
						},
						{
							"origin": [3.79817, 24.15596, -1.98176],
							"size": [5.8, 0.5, 4],
							"pivot": [6.69817, 24.02974, 0.01824],
							"rotation": [0, 0, 5],
							"uv": {
								"east": { "uv": [32, 70], "uv_size": [8, 2] },
								"west": { "uv": [64, 54], "uv_size": [8, 2] },
								"up": { "uv": [0, 66], "uv_size": [12, 8] },
								"down": { "uv": [68, 38], "uv_size": [12, -8] }
							}
						},
						{
							"origin": [3.90743, 21.12914, -2.04494],
							"size": [5.8, 2, 0.5],
							"pivot": [6.80743, 23.49717, 0.01824],
							"rotation": [-27.5, 0, 15],
							"uv": {
								"north": { "uv": [86, 106], "uv_size": [12, 4] },
								"east": { "uv": [12, 6], "uv_size": [2, 4] },
								"south": { "uv": [108, 16], "uv_size": [12, 4] },
								"west": { "uv": [14, 6], "uv_size": [2, 4] },
								"down": { "uv": [112, 124], "uv_size": [12, -2] }
							}
						},
						{
							"origin": [3.90743, 23.62339, -1.98176],
							"size": [5.8, 0.5, 4],
							"pivot": [6.80743, 23.49717, 0.01824],
							"rotation": [0, 0, 15],
							"uv": {
								"east": { "uv": [62, 126], "uv_size": [8, 2] },
								"west": { "uv": [84, 92], "uv_size": [8, 2] },
								"up": { "uv": [44, 72], "uv_size": [12, 8] },
								"down": { "uv": [72, 54], "uv_size": [12, -8] }
							}
						},
						{
							"origin": [3.90743, 21.12914, 1.58142],
							"size": [5.8, 2, 0.5],
							"pivot": [6.80743, 23.49717, 0.01824],
							"rotation": [27.5, 0, 15],
							"uv": {
								"north": { "uv": [106, 66], "uv_size": [12, 4] },
								"east": { "uv": [10, 6], "uv_size": [2, 4] },
								"south": { "uv": [106, 70], "uv_size": [12, 4] },
								"west": { "uv": [122, 114], "uv_size": [2, 4] },
								"down": { "uv": [60, 124], "uv_size": [12, -2] }
							}
						},
						{
							"origin": [3.6, 24.61789, -1.98176],
							"size": [4.8, 0.5, 4],
							"pivot": [6, 24.49166, 0.01824],
							"rotation": [0, 0, -5],
							"uv": {
								"east": { "uv": [118, 50], "uv_size": [8, 2] },
								"west": { "uv": [90, 34], "uv_size": [8, 2] },
								"up": { "uv": [80, 24], "uv_size": [10, 8] },
								"down": { "uv": [80, 40], "uv_size": [10, -8] }
							}
						},
						{
							"origin": [3.6, 22.12363, -2.04494],
							"size": [4.8, 2, 0.5],
							"pivot": [6, 24.49166, 0.01824],
							"rotation": [-27.5, 0, -5],
							"uv": {
								"north": { "uv": [52, 114], "uv_size": [10, 4] },
								"east": { "uv": [56, 118], "uv_size": [2, 4] },
								"south": { "uv": [62, 114], "uv_size": [10, 4] },
								"west": { "uv": [0, 118], "uv_size": [2, 4] },
								"down": { "uv": [62, 60], "uv_size": [10, -2] }
							}
						},
						{
							"origin": [3.6, 22.12363, 1.58142],
							"size": [4.8, 2, 0.5],
							"pivot": [6, 24.49166, 0.01824],
							"rotation": [27.5, 0, -5],
							"uv": {
								"north": { "uv": [112, 104], "uv_size": [10, 4] },
								"east": { "uv": [52, 118], "uv_size": [2, 4] },
								"south": { "uv": [0, 114], "uv_size": [10, 4] },
								"west": { "uv": [54, 118], "uv_size": [2, 4] },
								"down": { "uv": [66, 126], "uv_size": [10, -2] }
							}
						}
					]
				},
				{
					"name": "blade_left",
					"parent": "armorLeftArm",
					"pivot": [8.11657, 12.88089, 0],
					"cubes": [
						{
							"origin": [7.8, 12, -1.4],
							"size": [1.2, 2, 2.8],
							"pivot": [8, 12, 0],
							"rotation": [0, 0, -12],
							"uv": {
								"north": { "uv": [122, 74], "uv_size": [2, 4] },
								"south": { "uv": [124, 104], "uv_size": [2, 4] },
								"west": { "uv": [10, 112], "uv_size": [6, 4] },
								"down": { "uv": [50, 122], "uv_size": [2, -6] }
							}
						},
						{
							"origin": [8.6815, 7.2, -0.9],
							"size": [0.02, 5.3, 1.8],
							"inflate": 0.002,
							"uv": {
								"east": { "uv": [20, 116], "uv_size": [4, 10] },
								"west": { "uv": [20, 116], "uv_size": [4, 10] }
							}
						},
						{
							"origin": [8.69, 6.6, -0.5],
							"size": [0.01, 1.3, 1.3],
							"pivot": [8.7, 7.4, 0],
							"rotation": [-45, 0, 0],
							"uv": {
								"east": { "uv": [20, 116], "uv_size": [5, 2] },
								"west": { "uv": [20, 116], "uv_size": [2, 2] }
							}
						},
						{
							"origin": [7, 12.1, 0.7],
							"size": [2, 3.6, 0.3],
							"uv": {
								"north": { "uv": [84, 118], "uv_size": [4, 8] },
								"south": { "uv": [88, 118], "uv_size": [4, 8] },
								"west": { "uv": [42, 56], "uv_size": [2, 8] },
								"down": { "uv": [122, 74], "uv_size": [4, -2] }
							}
						},
						{
							"origin": [7, 12.1, -1],
							"size": [2, 3.6, 0.3],
							"uv": {
								"north": { "uv": [92, 118], "uv_size": [4, 8] },
								"south": { "uv": [96, 118], "uv_size": [4, 8] },
								"west": { "uv": [32, 116], "uv_size": [2, 8] },
								"down": { "uv": [96, 90], "uv_size": [4, -2] }
							}
						},
						{
							"origin": [7.12538, 15.21519, -1],
							"size": [2, 2.1, 0.3],
							"inflate": 0.001,
							"pivot": [8.12538, 15.21519, 0],
							"rotation": [0, 0, -29],
							"uv": {
								"north": { "uv": [8, 2], "uv_size": [4, 4] },
								"south": { "uv": [12, 2], "uv_size": [4, 4] },
								"west": { "uv": [122, 104], "uv_size": [2, 4] }
							}
						},
						{
							"origin": [7.12538, 15.21519, 0.7],
							"size": [2, 2.1, 0.3],
							"inflate": 0.001,
							"pivot": [8.12538, 15.21519, 0],
							"rotation": [0, 0, -29],
							"uv": {
								"north": { "uv": [16, 2], "uv_size": [4, 4] },
								"south": { "uv": [20, 2], "uv_size": [4, 4] },
								"west": { "uv": [126, 104], "uv_size": [2, 4] }
							}
						},
						{
							"origin": [8, 11.98089, -0.5],
							"size": [1, 1.3, 1],
							"uv": {
								"north": { "uv": [64, 102], "uv_size": [2, 2] },
								"south": { "uv": [64, 102], "uv_size": [2, 2] },
								"west": { "uv": [106, 74], "uv_size": [2, 2] },
								"up": { "uv": [66, 104], "uv_size": [-2, -2] },
								"down": { "uv": [8, 120], "uv_size": [2, -2] }
							}
						}
					]
				},
				{
					"name": "bipedLeftLeg",
					"pivot": [2, 12, 0]
				},
				{
					"name": "armorLeftLeg",
					"parent": "bipedLeftLeg",
					"pivot": [2, 12, 0],
					"cubes": [
						{
							"origin": [0, 3.3, -2.1],
							"size": [4, 3.2, 4.2],
							"inflate": 0.02,
							"uv": {
								"north": { "uv": [64, 94], "uv_size": [8, 8] },
								"east": { "uv": [72, 94], "uv_size": [8, 8] },
								"south": { "uv": [80, 94], "uv_size": [8, 8] },
								"west": { "uv": [48, 96], "uv_size": [8, 8] },
								"up": { "uv": [20, 116], "uv_size": [4, 10] },
								"down": { "uv": [24, 106], "uv_size": [8, -8] }
							}
						},
						{
							"origin": [0, 6, -2.05],
							"size": [4, 2, 4.1],
							"inflate": 0.001,
							"uv": {
								"north": { "uv": [118, 44], "uv_size": [8, 4] },
								"east": { "uv": [118, 44], "uv_size": [8, 4] },
								"south": { "uv": [118, 44], "uv_size": [8, 4] }
							}
						},
						{
							"origin": [0, 2.5, -2.05],
							"size": [4, 0.8, 4.1],
							"inflate": 0.001,
							"uv": {
								"north": { "uv": [32, 56], "uv_size": [8, 2] },
								"east": { "uv": [32, 56], "uv_size": [8, 2] },
								"south": { "uv": [32, 56], "uv_size": [8, 2] },
								"west": { "uv": [32, 56], "uv_size": [8, 2] }
							}
						},
						{
							"origin": [0, 7.5, -2.1],
							"size": [4, 4.5, 4.2],
							"inflate": 0.004,
							"uv": {
								"north": { "uv": [56, 86], "uv_size": [8, 10] },
								"east": { "uv": [24, 88], "uv_size": [8, 10] },
								"south": { "uv": [32, 88], "uv_size": [8, 10] },
								"down": { "uv": [0, 108], "uv_size": [8, -8] }
							}
						}
					]
				},
				{
					"name": "overlayLeftLeg",
					"parent": "armorLeftLeg",
					"pivot": [0, 0, 0],
					"cubes": [
						{
							"origin": [1.5445, 6.60014, -2.28859],
							"size": [4.8, 2, 0.5],
							"pivot": [4.33601, 8.50011, 0.01824],
							"rotation": [-27.5, 0, 62.5],
							"uv": {
								"north": { "uv": [116, 8], "uv_size": [10, 4] },
								"east": { "uv": [58, 118], "uv_size": [2, 4] },
								"south": { "uv": [10, 116], "uv_size": [10, 4] },
								"west": { "uv": [60, 118], "uv_size": [2, 4] },
								"down": { "uv": [118, 60], "uv_size": [10, -2] }
							}
						},
						{
							"origin": [1.5445, 9.15402, -1.98176],
							"size": [4.8, 0.5, 4],
							"pivot": [4.33601, 8.50011, 0.01824],
							"rotation": [0, 0, 62.5],
							"uv": {
								"west": { "uv": [64, 48], "uv_size": [8, 2] },
								"up": { "uv": [88, 66], "uv_size": [10, 8] },
								"down": { "uv": [88, 82], "uv_size": [10, -8] }
							}
						},
						{
							"origin": [1.5445, 6.60014, 1.82508],
							"size": [4.8, 2, 0.5],
							"pivot": [4.33601, 8.50011, 0.01824],
							"rotation": [27.5, 0, 62.5],
							"uv": {
								"north": { "uv": [116, 0], "uv_size": [10, 4] },
								"east": { "uv": [4, 124], "uv_size": [2, 4] },
								"south": { "uv": [116, 4], "uv_size": [10, 4] },
								"west": { "uv": [108, 84], "uv_size": [2, 4] },
								"down": { "uv": [118, 62], "uv_size": [10, -2] }
							}
						},
						{
							"origin": [1.69459, 8.6787, -1.98176],
							"size": [5.8, 0.5, 4],
							"pivot": [4.33601, 8.50011, 0.01824],
							"rotation": [0, 0, 72.5],
							"uv": {
								"west": { "uv": [64, 46], "uv_size": [8, 2] },
								"up": { "uv": [74, 16], "uv_size": [12, 8] },
								"down": { "uv": [68, 84], "uv_size": [12, -8] }
							}
						},
						{
							"origin": [1.69459, 6.17853, 1.6056],
							"size": [5.8, 2, 0.5],
							"pivot": [4.33601, 8.50011, 0.01824],
							"rotation": [27.5, 0, 72.5],
							"uv": {
								"north": { "uv": [112, 96], "uv_size": [12, 4] },
								"east": { "uv": [32, 124], "uv_size": [2, 4] },
								"south": { "uv": [112, 100], "uv_size": [11.5, 4] },
								"west": { "uv": [34, 124], "uv_size": [2, 4] },
								"down": { "uv": [48, 62], "uv_size": [12, -2] }
							}
						},
						{
							"origin": [1.25342, 5.50873, 1.40842],
							"size": [6.8, 2, 0.5],
							"pivot": [4.66448, 8.2224, 0.02517],
							"rotation": [12.5, 0, 82.5],
							"uv": {
								"north": { "uv": [102, 12], "uv_size": [14, 4] },
								"east": { "uv": [126, 50], "uv_size": [2, 4] },
								"south": { "uv": [64, 102], "uv_size": [14, 4] },
								"west": { "uv": [106, 84], "uv_size": [2, 4] },
								"down": { "uv": [100, 120], "uv_size": [14, -2] }
							}
						},
						{
							"origin": [2.12494, 7.93666, -1.98176],
							"size": [5.7, 0.5, 4],
							"pivot": [4.43601, 8.20011, 0],
							"rotation": [0, 0, 87.5],
							"uv": {
								"west": { "uv": [84, 90], "uv_size": [8, 2] },
								"up": { "uv": [74, 8], "uv_size": [12, 8] },
								"down": { "uv": [12, 82], "uv_size": [12, -8] }
							}
						},
						{
							"origin": [1.25342, 5.50873, -1.87193],
							"size": [6.8, 2, 0.5],
							"pivot": [4.66448, 8.2224, 0.01132],
							"rotation": [-12.5, 0, 82.5],
							"uv": {
								"north": { "uv": [102, 3.5], "uv_size": [14, 4.5] },
								"east": { "uv": [124, 24], "uv_size": [2, 4] },
								"south": { "uv": [102, 8], "uv_size": [14, 4] },
								"west": { "uv": [126, 54], "uv_size": [2, 4] },
								"down": { "uv": [48, 60], "uv_size": [14, -2] }
							}
						},
						{
							"origin": [1.69459, 6.17853, -2.06912],
							"size": [5.8, 2, 0.5],
							"pivot": [4.33601, 8.50011, 0.01824],
							"rotation": [-27.5, 0, 72.5],
							"uv": {
								"north": { "uv": [84, 110], "uv_size": [12, 4] },
								"east": { "uv": [0, 124], "uv_size": [2, 4] },
								"south": { "uv": [110, 84], "uv_size": [12, 4] },
								"west": { "uv": [2, 124], "uv_size": [2, 4] },
								"down": { "uv": [100, 124], "uv_size": [12, -2] }
							}
						}
					]
				},
				{
					"name": "armorLeftBoot",
					"parent": "bipedLeftLeg",
					"pivot": [2, 12, 0],
					"cubes": [
						{
							"origin": [0, 0, -2.3],
							"size": [4.1, 2.5, 4.4],
							"uv": {
								"north": { "uv": [56, 104], "uv_size": [8, 6] },
								"east": { "uv": [104, 96], "uv_size": [8, 6] },
								"south": { "uv": [104, 102], "uv_size": [8, 6] },
								"west": { "uv": [8, 106], "uv_size": [8, 6] },
								"up": { "uv": [20, 116], "uv_size": [4, 10] },
								"down": { "uv": [94, 16], "uv_size": [8, -8] }
							}
						}
					]
				},
				{
					"name": "bipedRightLeg",
					"pivot": [-2, 12, 0]
				},
				{
					"name": "armorRightLeg",
					"parent": "bipedRightLeg",
					"pivot": [-2, 12, 0],
					"cubes": [
						{
							"origin": [-4, 3.3, -2.1],
							"size": [4, 3.2, 4.2],
							"inflate": 0.02,
							"uv": {
								"north": { "uv": [0, 92], "uv_size": [8, 8] },
								"east": { "uv": [8, 92], "uv_size": [8, 8] },
								"south": { "uv": [16, 92], "uv_size": [8, 8] },
								"west": { "uv": [92, 36], "uv_size": [8, 8] },
								"up": { "uv": [20, 116], "uv_size": [4, 10] },
								"down": { "uv": [92, 98], "uv_size": [8, -8] }
							}
						},
						{
							"origin": [-4, 6, -2.05],
							"size": [4, 2, 4.1],
							"inflate": 0.001,
							"uv": {
								"north": { "uv": [118, 44], "uv_size": [8, 4] },
								"south": { "uv": [118, 44], "uv_size": [8, 4] },
								"west": { "uv": [118, 44], "uv_size": [8, 4] }
							}
						},
						{
							"origin": [-4, 7.5, -2.1],
							"size": [4, 4.5, 4.2],
							"inflate": 0.004,
							"uv": {
								"north": { "uv": [76, 84], "uv_size": [8, 10] },
								"south": { "uv": [86, 0], "uv_size": [8, 10] },
								"west": { "uv": [86, 10], "uv_size": [8, 10] },
								"down": { "uv": [96, 106], "uv_size": [8, -8] }
							}
						},
						{
							"origin": [-4, 2.5, -2.05],
							"size": [4, 0.8, 4.1],
							"inflate": 0.001,
							"uv": {
								"north": { "uv": [32, 56], "uv_size": [8, 2] },
								"east": { "uv": [32, 56], "uv_size": [8, 2] },
								"south": { "uv": [32, 56], "uv_size": [8, 2] },
								"west": { "uv": [32, 56], "uv_size": [8, 2] }
							}
						}
					]
				},
				{
					"name": "overlayRightLeg",
					"parent": "armorRightLeg",
					"pivot": [-1.9, 12, 0],
					"cubes": [
						{
							"origin": [-6.27464, 6.61138, -2.32059],
							"size": [4.8, 2, 0.5],
							"pivot": [-4.25844, 8.4499, 0.01824],
							"rotation": [-27.5, 0, -62.5],
							"uv": {
								"north": { "uv": [114, 108], "uv_size": [10, 4] },
								"east": { "uv": [62, 60], "uv_size": [2, 4] },
								"south": { "uv": [112, 114], "uv_size": [10, 4] },
								"west": { "uv": [60, 60], "uv_size": [2, 4] },
								"down": { "uv": [16, 32], "uv_size": [10, -2] }
							}
						},
						{
							"origin": [-6.27464, 9.17309, -1.98176],
							"size": [4.8, 0.5, 4],
							"pivot": [-4.25844, 8.4499, 0.01824],
							"rotation": [0, 0, -62.5],
							"uv": {
								"east": { "uv": [78, 126], "uv_size": [8, 2] },
								"up": { "uv": [88, 50], "uv_size": [10, 8] },
								"down": { "uv": [88, 66], "uv_size": [10, -8] }
							}
						},
						{
							"origin": [-6.27464, 6.61138, 1.85707],
							"size": [4.8, 2, 0.5],
							"pivot": [-4.25844, 8.4499, 0.01824],
							"rotation": [27.5, 0, -62.5],
							"uv": {
								"north": { "uv": [114, 92], "uv_size": [10, 4] },
								"east": { "uv": [46, 68], "uv_size": [2, 4] },
								"south": { "uv": [102, 114], "uv_size": [10, 4] },
								"west": { "uv": [42, 64], "uv_size": [2, 4] },
								"down": { "uv": [16, 34], "uv_size": [10, -2] }
							}
						},
						{
							"origin": [-7.45985, 8.58362, -1.98176],
							"size": [5.8, 0.5, 4],
							"pivot": [-4.25844, 8.4499, 0.01824],
							"rotation": [0, 0, -75],
							"uv": {
								"east": { "uv": [70, 126], "uv_size": [8, 2] },
								"up": { "uv": [0, 74], "uv_size": [12, 8] },
								"down": { "uv": [74, 8], "uv_size": [12, -8] }
							}
						},
						{
							"origin": [-7.45985, 6.08852, 1.58489],
							"size": [5.8, 2, 0.5],
							"pivot": [-4.25844, 8.4499, 0.01824],
							"rotation": [27.5, 0, -75],
							"uv": {
								"north": { "uv": [64, 110], "uv_size": [12, 4] },
								"east": { "uv": [44, 68], "uv_size": [2, 4] },
								"south": { "uv": [110, 80], "uv_size": [12, 4] },
								"west": { "uv": [120, 16], "uv_size": [2, 4] },
								"down": { "uv": [84, 90], "uv_size": [12, -2] }
							}
						},
						{
							"origin": [-7.45985, 6.08852, -2.0484],
							"size": [5.8, 2, 0.5],
							"pivot": [-4.25844, 8.4499, 0.01824],
							"rotation": [-27.5, 0, -75],
							"uv": {
								"north": { "uv": [108, 24], "uv_size": [12, 4] },
								"east": { "uv": [32, 58], "uv_size": [2, 4] },
								"south": { "uv": [52, 110], "uv_size": [12, 4] },
								"west": { "uv": [34, 58], "uv_size": [2, 4] },
								"down": { "uv": [84, 88], "uv_size": [12, -2] }
							}
						},
						{
							"origin": [-8.09772, 5.5303, 1.40096],
							"size": [6.8, 2, 0.5],
							"pivot": [-4.65883, 8.27657, 0.03468],
							"rotation": [12.5, 0, -82.5],
							"uv": {
								"north": { "uv": [100, 92], "uv_size": [14, 4] },
								"east": { "uv": [0, 6], "uv_size": [2, 4] },
								"south": { "uv": [102, 0], "uv_size": [14, 3.5] },
								"west": { "uv": [102, 124], "uv_size": [2, 4] },
								"down": { "uv": [48, 58], "uv_size": [14, -2] }
							}
						},
						{
							"origin": [-6.8554, 6.95972, -1.98176],
							"size": [5.7, 0.5, 4],
							"pivot": [-4.44433, 7.22317, 0],
							"rotation": [0, 0, -87.5],
							"uv": {
								"east": { "uv": [118, 70], "uv_size": [8, 2] },
								"up": { "uv": [56, 78], "uv_size": [12, 8] },
								"down": { "uv": [24, 88], "uv_size": [12, -8] }
							}
						},
						{
							"origin": [-8.09772, 5.5303, -1.86447],
							"size": [6.8, 2, 0.5],
							"pivot": [-4.65883, 8.27657, 0.00181],
							"rotation": [-12.5, 0, -82.5],
							"uv": {
								"north": { "uv": [94, 16], "uv_size": [14, 4] },
								"east": { "uv": [20, 6], "uv_size": [2, 4] },
								"south": { "uv": [100, 88], "uv_size": [14, 4] },
								"west": { "uv": [104, 124], "uv_size": [2, 4] },
								"down": { "uv": [50, 48], "uv_size": [14, -2] }
							}
						}
					]
				},
				{
					"name": "armorRightBoot",
					"parent": "bipedRightLeg",
					"pivot": [-2, 12, 0],
					"cubes": [
						{
							"origin": [-4.1, 0, -2.3],
							"size": [4.1, 2.5, 4.4],
							"uv": {
								"north": { "uv": [72, 54], "uv_size": [8, 6] },
								"east": { "uv": [24, 74], "uv_size": [8, 6] },
								"south": { "uv": [78, 102], "uv_size": [8, 6] },
								"west": { "uv": [48, 104], "uv_size": [8, 6] },
								"up": { "uv": [20, 116], "uv_size": [4, 10] },
								"down": { "uv": [94, 16], "uv_size": [8, -8] }
							}
						}
					]
				}
			]
		}
	]
}
