{
	"credit": "Made with Blockbench",
	"parent": "block/block",
	"texture_size": [32, 32],
	"textures": {
		"base": "expatternprovider:block/caner/base",
		"particle": "expatternprovider:block/caner/base"
	},
	"elements": [
		{
			"from": [2, 0, 2],
			"to": [14, 2, 14],
			"faces": {
				"north": {"uv": [6, 6, 12, 7], "texture": "#base"},
				"east": {"uv": [6, 9, 12, 10], "texture": "#base"},
				"south": {"uv": [6, 8, 12, 9], "texture": "#base"},
				"west": {"uv": [6, 7, 12, 8], "texture": "#base"},
				"up": {"uv": [0, 10, 6, 16], "texture": "#base"},
				"down": {"uv": [6, 10, 12, 16], "texture": "#base"}
			}
		},
		{
			"from": [2, 14, 2],
			"to": [14, 16, 14],
			"faces": {
				"north": {"uv": [0, 6, 6, 7], "texture": "#base"},
				"east": {"uv": [0, 9, 6, 10], "texture": "#base"},
				"south": {"uv": [0, 8, 6, 9], "texture": "#base"},
				"west": {"uv": [0, 7, 6, 8], "texture": "#base"},
				"up": {"uv": [0, 0, 6, 6], "texture": "#base"},
				"down": {"uv": [6, 0, 12, 6], "texture": "#base"}
			}
		},
		{
			"from": [11, 2, 3],
			"to": [13, 14, 5],
			"faces": {
				"north": {"uv": [12, 0, 13, 6], "texture": "#base"},
				"east": {"uv": [13, 0, 12, 6], "texture": "#base"},
				"south": {"uv": [12, 0, 13, 6], "texture": "#base"},
				"west": {"uv": [13, 0, 12, 6], "texture": "#base"}
			}
		},
		{
			"from": [3, 2, 3],
			"to": [5, 14, 5],
			"rotation": {"angle": 0, "axis": "y", "origin": [16, 0, 0]},
			"faces": {
				"north": {"uv": [14, 0, 13, 6], "texture": "#base"},
				"east": {"uv": [13, 0, 14, 6], "texture": "#base"},
				"south": {"uv": [14, 0, 13, 6], "texture": "#base"},
				"west": {"uv": [13, 0, 14, 6], "texture": "#base"}
			}
		},
		{
			"from": [3, 2, 11],
			"to": [5, 14, 13],
			"rotation": {"angle": 0, "axis": "y", "origin": [16, 0, 16]},
			"faces": {
				"north": {"uv": [14, 0, 15, 6], "texture": "#base"},
				"east": {"uv": [15, 0, 14, 6], "texture": "#base"},
				"south": {"uv": [14, 0, 15, 6], "texture": "#base"},
				"west": {"uv": [15, 0, 14, 6], "texture": "#base"}
			}
		},
		{
			"from": [11, 2, 11],
			"to": [13, 14, 13],
			"rotation": {"angle": 0, "axis": "y", "origin": [0, 0, 16]},
			"faces": {
				"north": {"uv": [16, 0, 15, 6], "texture": "#base"},
				"east": {"uv": [15, 0, 16, 6], "texture": "#base"},
				"south": {"uv": [16, 0, 15, 6], "texture": "#base"},
				"west": {"uv": [15, 0, 16, 6], "texture": "#base"}
			}
		},
		{
			"from": [6, 2, 6],
			"to": [10, 3, 10],
			"faces": {
				"north": {"uv": [14, 6, 12, 6.5], "texture": "#base"},
				"east": {"uv": [13.5, 6, 14, 8], "rotation": 90, "texture": "#base"},
				"south": {"uv": [12, 7.5, 14, 8], "texture": "#base"},
				"west": {"uv": [12, 8, 12.5, 6], "rotation": 90, "texture": "#base"},
				"up": {"uv": [12, 6, 14, 8], "texture": "#base"}
			}
		},
		{
			"from": [6, 13, 6],
			"to": [10, 14, 10],
			"rotation": {"angle": 0, "axis": "y", "origin": [0, 16, 0]},
			"faces": {
				"north": {"uv": [14, 8.5, 12, 8], "texture": "#base"},
				"east": {"uv": [14, 8, 13.5, 10], "rotation": 90, "texture": "#base"},
				"south": {"uv": [12, 10, 14, 9.5], "texture": "#base"},
				"west": {"uv": [12.5, 10, 12, 8], "rotation": 90, "texture": "#base"},
				"down": {"uv": [12, 10, 14, 8], "texture": "#base"}
			}
		}
	]
}