{
	"credit": "Made with Blockbench",
	"parent": "block/block",
	"textures": {
		"particle": "expatternprovider:block/crystal_assembler/top",
		"top": "expatternprovider:block/crystal_assembler/top",
		"state": "expatternprovider:block/crystal_assembler/off",
		"back": "expatternprovider:block/generics/back",
		"front": "expatternprovider:block/generics/front",
		"side": "expatternprovider:block/generics/side",
		"bottom": "ae2:block/generics/bottom"
	},
	"elements": [
		{
			"from": [0, 0, 0],
			"to": [16, 15, 16],
			"faces": {
				"north": {"uv": [0, 1, 16, 16], "texture": "#front"},
				"east": {"uv": [16, 1, 0, 16], "texture": "#side"},
				"south": {"uv": [0, 1, 16, 16], "texture": "#back"},
				"west": {"uv": [0, 1, 16, 16], "texture": "#side"},
				"up": {"uv": [0, 0, 16, 16], "texture": "#state"},
				"down": {"uv": [0, 0, 16, 16], "texture": "#bottom"}
			}
		},
		{
			"from": [0, 15, 0],
			"to": [4, 16, 16],
			"faces": {
				"north": {"uv": [12, 0, 16, 1], "texture": "#front"},
				"east": {"uv": [3, 0, 4, 16], "rotation": 90, "texture": "#top"},
				"south": {"uv": [0, 0, 4, 1], "texture": "#back"},
				"west": {"uv": [0, 0, 16, 1], "texture": "#side"},
				"up": {"uv": [0, 0, 4, 16], "texture": "#top"},
				"down": {"uv": [0, 0, 3, 16], "texture": "#missing", "cullface": "down"}
			}
		},
		{
			"from": [12, 15, 0],
			"to": [16, 16, 16],
			"rotation": {"angle": 0, "axis": "y", "origin": [14.5, 15.5, 8]},
			"faces": {
				"north": {"uv": [0, 0, 4, 1], "texture": "#front"},
				"east": {"uv": [16, 0, 0, 1], "texture": "#side"},
				"south": {"uv": [12, 0, 16, 1], "texture": "#back"},
				"west": {"uv": [12, 0, 13, 16], "rotation": 270, "texture": "#top"},
				"up": {"uv": [12, 0, 16, 16], "texture": "#top"},
				"down": {"uv": [0, 0, 3, 16], "texture": "#missing", "cullface": "down"}
			}
		},
		{
			"from": [4, 15, 0],
			"to": [12, 16, 4],
			"faces": {
				"north": {"uv": [4, 0, 12, 1], "texture": "#front"},
				"east": {"uv": [0, 0, 3, 1], "texture": "#missing"},
				"south": {"uv": [4, 3, 12, 4], "texture": "#top"},
				"west": {"uv": [0, 0, 3, 1], "texture": "#missing"},
				"up": {"uv": [4, 0, 12, 4], "texture": "#top"},
				"down": {"uv": [0, 0, 10, 3], "texture": "#missing", "cullface": "down"}
			}
		},
		{
			"from": [4, 15, 12],
			"to": [12, 16, 16],
			"faces": {
				"north": {"uv": [4, 12, 12, 13], "texture": "#top"},
				"east": {"uv": [0, 0, 3, 1], "texture": "#missing"},
				"south": {"uv": [4, 0, 12, 1], "texture": "#back"},
				"west": {"uv": [0, 0, 3, 1], "texture": "#missing"},
				"up": {"uv": [4, 12, 12, 16], "texture": "#top"},
				"down": {"uv": [0, 0, 10, 3], "texture": "#missing", "cullface": "down"}
			}
		}
	]
}