{
	"credit": "Made with Blockbench",
	"parent": "block/block",
	"textures": {
		"particle": "expatternprovider:block/crystal_fixer/base",
		"base": "expatternprovider:block/crystal_fixer/base"
	},
	"elements": [
		{
			"from": [0, 0, 0],
			"to": [16, 6, 16],
			"faces": {
				"north": {"uv": [8, 0, 16, 3], "texture": "#base"},
				"east": {"uv": [8, 0, 16, 3], "texture": "#base"},
				"south": {"uv": [8, 0, 16, 3], "texture": "#base"},
				"west": {"uv": [8, 0, 16, 3], "texture": "#base"},
				"up": {"uv": [0, 8, 8, 16], "texture": "#base"},
				"down": {"uv": [0, 0, 8, 8], "texture": "#base"}
			}
		},
		{
			"from": [1, 6, 13],
			"to": [3, 16, 15],
			"faces": {
				"north": {"uv": [9, 3, 10, 8], "texture": "#base"},
				"east": {"uv": [8, 3, 9, 8], "texture": "#base"},
				"south": {"uv": [9, 3, 10, 8], "texture": "#base"},
				"west": {"uv": [8, 3, 9, 8], "texture": "#base"},
				"up": {"uv": [10, 3, 11, 4], "texture": "#base"},
				"down": {"uv": [0, 0, 2, 2], "texture": "#missing"}
			}
		},
		{
			"from": [1, 6, 1],
			"to": [3, 16, 3],
			"faces": {
				"north": {"uv": [9, 3, 10, 8], "texture": "#base"},
				"east": {"uv": [8, 3, 9, 8], "texture": "#base"},
				"south": {"uv": [9, 3, 10, 8], "texture": "#base"},
				"west": {"uv": [8, 3, 9, 8], "texture": "#base"},
				"up": {"uv": [10, 3, 11, 4], "texture": "#base"},
				"down": {"uv": [0, 0, 2, 2], "texture": "#missing"}
			}
		},
		{
			"from": [13, 6, 13],
			"to": [15, 16, 15],
			"faces": {
				"north": {"uv": [9, 3, 10, 8], "texture": "#base"},
				"east": {"uv": [8, 3, 9, 8], "texture": "#base"},
				"south": {"uv": [9, 3, 10, 8], "texture": "#base"},
				"west": {"uv": [8, 3, 9, 8], "texture": "#base"},
				"up": {"uv": [10, 3, 11, 4], "texture": "#base"},
				"down": {"uv": [0, 0, 2, 2], "texture": "#missing"}
			}
		},
		{
			"from": [13, 6, 1],
			"to": [15, 16, 3],
			"faces": {
				"north": {"uv": [9, 3, 10, 8], "texture": "#base"},
				"east": {"uv": [8, 3, 9, 8], "texture": "#base"},
				"south": {"uv": [9, 3, 10, 8], "texture": "#base"},
				"west": {"uv": [8, 3, 9, 8], "texture": "#base"},
				"up": {"uv": [10, 3, 11, 4], "texture": "#base"},
				"down": {"uv": [0, 0, 2, 2], "texture": "#missing"}
			}
		},
		{
			"from": [3, 6, 3],
			"to": [13, 8, 13],
			"faces": {
				"north": {"uv": [11, 8, 16, 9], "texture": "#base"},
				"east": {"uv": [11, 8, 16, 9], "texture": "#base"},
				"south": {"uv": [11, 8, 16, 9], "texture": "#base"},
				"west": {"uv": [11, 8, 16, 9], "texture": "#base"},
				"up": {"uv": [11, 3, 16, 8], "texture": "#base"},
				"down": {"uv": [0, 0, 10, 10], "texture": "#missing"}
			}
		}
	]
}