{
  "__comment": "Describes the parts of the pattern encoding terminal that relate to encoding a crafting pattern",
  "$schema": "../../schema.json",
  "slots": {
    "CRAFTING_GRID": {
      "left": 15,
      "bottom": 156,
      "grid": "BREAK_AFTER_3COLS"
    },
    "CRAFTING_RESULT": {
      "left": 106,
      "bottom": 138
    }
  },
  "widgets": {
    "craftingSubstitutions": {
      "left": 80,
      "bottom": 157
    },
    "craftingFluidSubstitutions": {
      "left": 90,
      "bottom": 157
    },
    "craftingClearPattern": {
      "left": 70,
      "bottom": 157
    }
  }
}
