{
  "__comment": "Describes the parts of the pattern encoding terminal that relate to encoding a crafting pattern",
  "$schema": "../../schema.json",
  "slots": {
    "SMITHING_TABLE_TEMPLATE": {
      "left": 15,
      "bottom": 138
    },
    "SMITHING_TABLE_BASE": {
      "left": 33,
      "bottom": 138
    },
    "SMITHING_TABLE_ADDITION": {
      "left": 51,
      "bottom": 138
    },
    "SMITHING_TABLE_RESULT": {
      "left": 109,
      "bottom": 138
    }
  },
  "widgets": {
    "smithingTableSubstitutions": {
      "left": 24,
      "bottom": 149
    },
    "smithingTableClearPattern": {
      "left": 14,
      "bottom": 149
    }
  }
}
