{
  "variants": {
    "axis=x": {
      "model": "ae2:block/quartz_pillar",
      "x": 90,
      "y": 90
    },
    "axis=y": {
      "model": "ae2:block/quartz_pillar"
    },
    "axis=z": {
      "model": "ae2:block/quartz_pillar",
      "x": 90
    }
  },
  "athena:loader": "athena:pillar",
  "ctm_textures": {
    "bottom": "ae2:block/quartz_pillar_bottom",
    "center": "ae2:block/quartz_pillar_side",
    "self": "ae2:block/quartz_pillar_side",
    "top": "ae2:block/quartz_pillar_top",
    "particle": "ae2:block/cut_quartz_block"
  }
}