{
  "textures": {
    "base": "ae2:part/cable/smart/_color_"
  },
  "elements": [
    {
      "name": "Element",
      "from": [5.0, 5.0, 5.0],
      "to": [11.0, 11.0, 11.0],
      "faces": {
        "north": {
          "texture": "#base",
          "uv": [5.0, 5.0, 11.0, 11.0]
        },
        "east": {
          "texture": "#base",
          "uv": [5.0, 5.0, 11.0, 11.0]
        },
        "south": {
          "texture": "#base",
          "uv": [11.0, 5.0, 5.0, 11.0]
        },
        "west": {
          "texture": "#base",
          "uv": [11.0, 5.0, 5.0, 11.0]
        },
        "up": {
          "texture": "#base",
          "uv": [5.0, 5.0, 11.0, 11.0]
        },
        "down": {
          "texture": "#base",
          "uv": [5.0, 5.0, 11.0, 11.0]
        }
      }
    }
  ]
}
