{
  "$schema": "schema.json",
  "includes": ["common/common.json", "common/player_inventory.json"],
  "background": {
    "texture": "guis/wireless_access_point.png",
    "srcRect": [0, 0, 176, 166]
  },
  "slots": {
    "STORAGE": {
      "left": 80,
      "top": 47
    },
    "MACHINE_INPUT": {
      "right": -8,
      "top": 21
    },
    "MACHINE_OUTPUT": {
      "right": -8,
      "top": 79
    }
  },
  "images": {
    "linkPanel": {
      "texture": "guis/wireless_access_point.png",
      "srcRect": [198, 0, 36, 90]
    }
  },
  "widgets": {
    "linkPanel": {
      "right": 2,
      "top": 15
    }
  },
  "text": {
    "dialog_title": {
      "text": {
        "translate": "gui.ae2.Wireless"
      },
      "position": {
        "left": 8,
        "top": 7
      }
    },
    "range": {
      "position": {
        "left": 88,
        "top": 20
      },
      "align": "CENTER"
    },
    "energy_use": {
      "position": {
        "left": 88,
        "top": 32
      },
      "align": "CENTER"
    }
  }
}
