{
	"credit": "Made with Blockbench",
	"textures": {
		"particle": "ae2:part/cable_anchor",
		"base": "ae2:part/cable_anchor"
	},
	"elements": [
		{
			"from": [7, 7, 0],
			"to": [9, 9, 6],
			"faces": {
				"north": {"uv": [6, 0, 8, 2], "texture": "#base"},
				"east": {"uv": [0, 4, 6, 6], "texture": "#base"},
				"south": {"uv": [6, 2, 8, 4], "texture": "#base"},
				"west": {"uv": [0, 0, 6, 2], "texture": "#base"},
				"up": {"uv": [0, 2, 6, 4], "rotation": 90, "texture": "#base"},
				"down": {"uv": [0, 6, 6, 8], "rotation": 90, "texture": "#base"}
			}
		}
	],
	"display": {
		"thirdperson_righthand": {
			"rotation": [75, 45, 0],
			"translation": [0, 2.5, 0],
			"scale": [0.375, 0.375, 0.375]
		},
		"thirdperson_lefthand": {
			"rotation": [75, 45, 0],
			"translation": [0, 2.5, 0],
			"scale": [0.375, 0.375, 0.375]
		},
		"firstperson_righthand": {
			"rotation": [0, 135, 0],
			"translation": [0, 1, 0],
			"scale": [0.4, 0.4, 0.4]
		},
		"firstperson_lefthand": {
			"rotation": [0, 135, 0],
			"translation": [0, 1, 0],
			"scale": [0.4, 0.4, 0.4]
		},
		"ground": {
			"translation": [0, 3, 0],
			"scale": [0.25, 0.25, 0.25]
		},
		"gui": {
			"rotation": [30, 225, 0],
			"translation": [-3, 1.5, 0],
			"scale": [0.8, 0.8, 0.8]
		},
		"fixed": {
			"scale": [0.5, 0.5, 0.5]
		}
	}
}