{
	"credit": "Made with Blockbench",
	"textures": {
		"indicator": "ae2:part/monitor_sides_status_off"
	},
	"elements": [
		{
			"from": [7, 11, 2],
			"to": [9, 12, 3],
			"faces": {
				"south": {"uv": [7, 0, 9, 1], "texture": "#indicator"},
				"up": {"uv": [7, 0, 9, 1], "texture": "#indicator"}
			}
		},
		{
			"from": [7, 4, 2],
			"to": [9, 5, 3],
			"faces": {
				"south": {"uv": [7, 15, 9, 16], "texture": "#indicator"},
				"down": {"uv": [7, 15, 9, 16], "texture": "#indicator"}
			}
		},
		{
			"from": [4, 7, 2],
			"to": [5, 9, 3],
			"faces": {
				"south": {"uv": [0, 7, 1, 9], "texture": "#indicator"},
				"west": {"uv": [0, 7, 1, 9], "texture": "#indicator"}
			}
		},
		{
			"from": [11, 7, 2],
			"to": [12, 9, 3],
			"faces": {
				"east": {"uv": [15, 7, 16, 9], "texture": "#indicator"},
				"south": {"uv": [15, 7, 16, 9], "texture": "#indicator"}
			}
		}
	]
}