{
  "textures": {
    "sides": "ae2:part/export_bus_sides",
    "sidesStatus": "ae2:part/monitor_sides_status",
    "back": "ae2:part/monitor_back",
    "front": "ae2:part/export_bus",
    "particle": "ae2:part/monitor_back"
  },
  "elements": [
    {
      "from": [4, 4, 2],
      "to": [12, 12, 4],
      "faces": {
        "down": {
          "texture": "#sides"
        },
        "up": {
          "texture": "#sides"
        },
        "south": {
          "texture": "#back"
        },
        "east": {
          "texture": "#sides"
        },
        "north": {
          "texture": "#front"
        },
        "west": {
          "texture": "#sides"
        }
      }
    },
    {
      "from": [5, 5, 1],
      "to": [11, 11, 2],
      "faces": {
        "down": {
          "texture": "#sides"
        },
        "up": {
          "texture": "#sides"
        },
        "south": {
          "texture": "#back"
        },
        "east": {
          "texture": "#sides"
        },
        "north": {
          "texture": "#front"
        },
        "west": {
          "texture": "#sides"
        }
      }
    },
    {
      "from": [6, 6, 0],
      "to": [10, 10, 1],
      "faces": {
        "down": {
          "texture": "#sides"
        },
        "up": {
          "texture": "#sides"
        },
        "south": {
          "texture": "#back"
        },
        "east": {
          "texture": "#sides"
        },
        "north": {
          "texture": "#front"
        },
        "west": {
          "texture": "#sides"
        }
      }
    },
    {
      "from": [6, 6, 4],
      "to": [10, 10, 5],
      "faces": {
        "down": {
          "texture": "#sidesStatus"
        },
        "up": {
          "texture": "#sidesStatus"
        },
        "south": {
          "texture": "#back"
        },
        "east": {
          "texture": "#sidesStatus"
        },
        "west": {
          "texture": "#sidesStatus"
        }
      }
    }
  ]
}
