{
	"credit": "Made with Blockbench",
	"ambientocclusion": false,
	"textures": {
		"particle": "ae2:part/level_emitter_off",
		"emitter": "ae2:part/level_emitter_off"
	},
	"elements": [
		{
			"from": [7, 7, 3],
			"to": [9, 9, 4],
			"faces": {
				"east": {"uv": [9, 7, 10, 9], "rotation": 180, "texture": "#emitter"},
				"west": {"uv": [9, 7, 10, 9], "texture": "#emitter"},
				"up": {"uv": [9, 7, 10, 9], "rotation": 90, "texture": "#emitter"},
				"down": {"uv": [9, 7, 10, 9], "rotation": 270, "texture": "#emitter"}
			}
		},
		{
			"from": [7, 7, 0],
			"to": [9, 9, 3],
			"shade": false,
			"faces": {
				"north": {"uv": [4, 9, 6, 11], "rotation": 270, "texture": "#emitter"},
				"east": {"uv": [9, 9, 6, 11], "texture": "#emitter"},
				"west": {"uv": [6, 11, 9, 9], "texture": "#emitter"},
				"up": {"uv": [6, 9, 9, 11], "rotation": 90, "texture": "#emitter"},
				"down": {"uv": [9, 11, 6, 9], "rotation": 90, "texture": "#emitter"}
			}
		}
	]
}