{
  "textures": {
    "base": "ae2:part/cable/dense_covered/_color_"
  },
  "elements": [
    {
      "name": "Element",
      "from": [3.0, 3.0, 3.0],
      "to": [13.0, 13.0, 13.0],
      "faces": {
        "north": {
          "texture": "#base",
          "uv": [5.5, 5.5, 10.5, 10.5]
        },
        "east": {
          "texture": "#base",
          "uv": [5.5, 5.5, 10.5, 10.5]
        },
        "south": {
          "texture": "#base",
          "uv": [10.5, 5.5, 5.5, 10.5]
        },
        "west": {
          "texture": "#base",
          "uv": [10.5, 5.5, 5.5, 10.5]
        },
        "up": {
          "texture": "#base",
          "uv": [5.5, 5.5, 10.5, 10.5]
        },
        "down": {
          "texture": "#base",
          "uv": [5.5, 5.5, 10.5, 10.5]
        }
      }
    }
  ]
}
