{
	"credit": "Made with Blockbench",
	"textures": {
		"front": "ae2:part/p2p_tunnel_front",
		"sides": "ae2:part/p2p_tunnel_sides",
		"particle": "ae2:part/p2p_tunnel_back",
		"back": "ae2:part/p2p_tunnel_back",
		"back2": "ae2:part/p2p_tunnel_back2",
		"type": "_type_"
	},
	"elements": [
		{
			"from": [4, 4, 0],
			"to": [12, 12, 2],
			"faces": {
				"north": {"uv": [4, 4, 12, 12], "texture": "#type"}
			}
		},
		{
			"from": [2, 2, 1],
			"to": [14, 14, 2],
			"faces": {
				"north": {"uv": [2, 2, 14, 14], "texture": "#front"},
				"east": {"uv": [14, 2, 15, 14], "texture": "#sides"},
				"south": {"uv": [2, 2, 14, 14], "texture": "#back"},
				"west": {"uv": [1, 2, 2, 14], "texture": "#sides"},
				"up": {"uv": [2, 1, 14, 2], "texture": "#sides"},
				"down": {"uv": [2, 14, 14, 15], "texture": "#sides"}
			}
		},
		{
			"from": [2, 12, 0],
			"to": [14, 14, 1],
			"faces": {
				"north": {"uv": [2, 2, 14, 4], "texture": "#front"},
				"east": {"uv": [15, 2, 16, 4], "texture": "#sides"},
				"south": {"uv": [2, 2, 14, 4], "texture": "#back"},
				"west": {"uv": [0, 2, 1, 4], "texture": "#sides"},
				"up": {"uv": [2, 0, 14, 1], "texture": "#sides"},
				"down": {"uv": [2, 15, 14, 16], "texture": "#sides"}
			}
		},
		{
			"from": [2, 2, 0],
			"to": [14, 4, 1],
			"faces": {
				"north": {"uv": [2, 12, 14, 14], "texture": "#front"},
				"east": {"uv": [15, 12, 16, 14], "texture": "#sides"},
				"south": {"uv": [2, 12, 14, 14], "texture": "#back"},
				"west": {"uv": [0, 12, 1, 14], "texture": "#sides"},
				"up": {"uv": [2, 0, 14, 1], "texture": "#sides"},
				"down": {"uv": [2, 15, 14, 16], "texture": "#sides"}
			}
		},
		{
			"from": [12, 4, 0],
			"to": [14, 12, 1],
			"faces": {
				"north": {"uv": [2, 4, 4, 12], "texture": "#front"},
				"east": {"uv": [15, 4, 16, 12], "texture": "#sides"},
				"south": {"uv": [12, 4, 14, 12], "texture": "#back"},
				"west": {"uv": [0, 4, 1, 12], "texture": "#sides"},
				"up": {"uv": [12, 0, 14, 1], "texture": "#sides"},
				"down": {"uv": [12, 15, 14, 16], "texture": "#sides"}
			}
		},
		{
			"from": [2, 4, 0],
			"to": [4, 12, 1],
			"faces": {
				"north": {"uv": [12, 4, 14, 12], "texture": "#front"},
				"east": {"uv": [15, 4, 16, 12], "texture": "#sides"},
				"south": {"uv": [2, 4, 4, 12], "texture": "#back"},
				"west": {"uv": [0, 4, 1, 12], "texture": "#sides"},
				"up": {"uv": [2, 0, 4, 1], "texture": "#sides"},
				"down": {"uv": [2, 15, 4, 16], "texture": "#sides"}
			}
		},
		{
			"from": [2, 2, 2],
			"to": [3, 14, 3],
			"faces": {
				"south": {"uv": [2, 2, 3, 14], "texture": "#back"},
				"west": {"uv": [2, 2, 3, 14], "texture": "#back"},
				"up": {"uv": [2, 2, 3, 3], "texture": "#back"},
				"down": {"uv": [2, 13, 3, 14], "texture": "#back"}
			}
		},
		{
			"from": [13, 2, 2],
			"to": [14, 14, 3],
			"faces": {
				"east": {"uv": [13, 2, 14, 14], "texture": "#back"},
				"south": {"uv": [13, 2, 14, 14], "texture": "#back"},
				"up": {"uv": [13, 2, 14, 3], "texture": "#back"},
				"down": {"uv": [13, 13, 14, 14], "texture": "#back"}
			}
		},
		{
			"from": [3, 13, 2],
			"to": [13, 14, 3],
			"faces": {
				"south": {"uv": [3, 2, 13, 3], "texture": "#back"},
				"up": {"uv": [3, 2, 13, 3], "texture": "#back"}
			}
		},
		{
			"from": [3, 2, 2],
			"to": [13, 3, 3],
			"faces": {
				"south": {"uv": [3, 13, 13, 14], "texture": "#back"},
				"down": {"uv": [3, 13, 13, 14], "texture": "#back"}
			}
		},
		{
			"from": [3, 5, 2],
			"to": [13, 11, 3],
			"faces": {
				"south": {"uv": [3, 5, 13, 11], "texture": "#back"}
			}
		},
		{
			"from": [5, 5, 3],
			"to": [11, 11, 4],
			"faces": {
				"east": {"uv": [10, 5, 11, 11], "texture": "#back2"},
				"south": {"uv": [5, 5, 11, 11], "texture": "#back2"},
				"west": {"uv": [5, 5, 6, 11], "texture": "#back2"},
				"up": {"uv": [5, 5, 11, 6], "texture": "#back2"},
				"down": {"uv": [5, 10, 11, 11], "texture": "#back2"}
			}
		},
		{
			"from": [5, 11, 2],
			"to": [11, 13, 3],
			"faces": {
				"south": {"uv": [5, 3, 11, 5], "texture": "#back"}
			}
		},
		{
			"from": [5, 3, 2],
			"to": [11, 5, 3],
			"faces": {
				"south": {"uv": [5, 11, 11, 13], "texture": "#back"}
			}
		}
	]
}