{
	"format_version": "1.8.0",
	"animations": {
		"animation.quantum_armor.idle": {
			"loop": true,
			"animation_length": 2.3333,
			"bones": {
				"scarf": {
					"rotation": {
						"0.0": {
							"vector": [0, 0, 0]
						},
						"1.125": {
							"vector": [5, 0, 0]
						},
						"2.3333": {
							"vector": [0, 0, 0]
						}
					}
				},
				"bottom": {
					"rotation": {
						"0.0": {
							"vector": [0, 0, 0]
						},
						"1.125": {
							"vector": [5, 0, 0]
						},
						"2.3333": {
							"vector": [0, 0, 0]
						}
					}
				},
				"mid2": {
					"rotation": {
						"0.0": {
							"vector": [0, 0, 0]
						},
						"1.125": {
							"vector": [5, 0, 0]
						},
						"2.3333": {
							"vector": [0, 0, 0]
						}
					}
				},
				"mid1": {
					"rotation": {
						"0.0": {
							"vector": [0, 0, 0]
						},
						"1.125": {
							"vector": [5, 0, 0]
						},
						"2.3333": {
							"vector": [0, 0, 0]
						}
					}
				}
			}
		}
	},
	"geckolib_format_version": 2
}
